ID,MatchNumber,Team1,Team2,WinningTeam,Player_of_Match
335982,,Kolkata Knight Riders,Royal Challengers Bengaluru,Kolkata Knight Riders,BB McCullum
335983,,Chennai Super Kings,Punjab Kings,Chennai Super Kings,MEK Hussey
335984,,Rajasthan Royals,Delhi Capitals,Delhi Capitals,MF Maharoof
335985,,Mumbai Indians,Royal Challengers Bengaluru,Royal Challengers Bengaluru,MV Boucher
335986,,Deccan Chargers,Kolkata Knight Riders,Kolkata Knight Riders,DJ Hussey
335987,,Punjab Kings,Rajasthan Royals,Rajasthan Royals,SR Watson
335988,,Deccan Chargers,Delhi Capitals,Delhi Capitals,V Sehwag
335989,,Chennai Super Kings,Mumbai Indians,Chennai Super Kings,ML Hayden
335990,,Deccan Chargers,Rajasthan Royals,Rajasthan Royals,YK Pathan
335991,,Punjab Kings,Mumbai Indians,Punjab Kings,KC Sangakkara
335992,,Royal Challengers Bengaluru,Rajasthan Royals,Rajasthan Royals,SR Watson
335993,,Kolkata Knight Riders,Chennai Super Kings,Chennai Super Kings,JDP Oram
335994,,Mumbai Indians,Deccan Chargers,Deccan Chargers,AC Gilchrist
335995,,Delhi Capitals,Punjab Kings,Punjab Kings,SM Katich
335996,,Chennai Super Kings,Royal Challengers Bengaluru,Chennai Super Kings,MS Dhoni
335997,,Kolkata Knight Riders,Mumbai Indians,Mumbai Indians,ST Jayasuriya
335998,,Delhi Capitals,Royal Challengers Bengaluru,Delhi Capitals,GD McGrath
335999,,Deccan Chargers,Punjab Kings,Punjab Kings,SE Marsh
336000,,Rajasthan Royals,Kolkata Knight Riders,Rajasthan Royals,SA Asnodkar
336001,,Chennai Super Kings,Delhi Capitals,Delhi Capitals,V Sehwag
336002,,Deccan Chargers,Royal Challengers Bengaluru,Royal Challengers Bengaluru,R Vinay Kumar
336003,,Punjab Kings,Kolkata Knight Riders,Punjab Kings,IK Pathan
336004,,Mumbai Indians,Delhi Capitals,Mumbai Indians,SM Pollock
336005,,Chennai Super Kings,Rajasthan Royals,Rajasthan Royals,Sohail Tanvir
336006,,Royal Challengers Bengaluru,Punjab Kings,Punjab Kings,S Sreesanth
336007,,Chennai Super Kings,Deccan Chargers,Deccan Chargers,AC Gilchrist
336008,,Rajasthan Royals,Mumbai Indians,Mumbai Indians,A Nehra
336009,,Delhi Capitals,Chennai Super Kings,Chennai Super Kings,MS Dhoni
336010,,Kolkata Knight Riders,Royal Challengers Bengaluru,Kolkata Knight Riders,SC Ganguly
336011,,Deccan Chargers,Rajasthan Royals,Rajasthan Royals,YK Pathan
336012,,Royal Challengers Bengaluru,Mumbai Indians,Mumbai Indians,CRD Fernando
336013,,Chennai Super Kings,Punjab Kings,Chennai Super Kings,L Balaji
336014,,Kolkata Knight Riders,Deccan Chargers,Kolkata Knight Riders,SC Ganguly
336015,,Delhi Capitals,Rajasthan Royals,Rajasthan Royals,SR Watson
336016,,Royal Challengers Bengaluru,Punjab Kings,Punjab Kings,SE Marsh
336017,,Kolkata Knight Riders,Delhi Capitals,Kolkata Knight Riders,Shoaib Akhtar
336018,,Chennai Super Kings,Mumbai Indians,Mumbai Indians,ST Jayasuriya
336019,,Punjab Kings,Rajasthan Royals,Punjab Kings,SE Marsh
336020,,Delhi Capitals,Deccan Chargers,Delhi Capitals,A Mishra
336021,,Kolkata Knight Riders,Mumbai Indians,Mumbai Indians,SM Pollock
336022,,Delhi Capitals,Punjab Kings,Delhi Capitals,DPMD Jayawardene
336023,,Rajasthan Royals,Royal Challengers Bengaluru,Rajasthan Royals,GC Smith
336024,,Mumbai Indians,Deccan Chargers,Mumbai Indians,DJ Bravo
336025,,Kolkata Knight Riders,Chennai Super Kings,Kolkata Knight Riders,M Ntini
336026,,Royal Challengers Bengaluru,Delhi Capitals,Delhi Capitals,SP Goswami
336027,,Kolkata Knight Riders,Rajasthan Royals,Rajasthan Royals,YK Pathan
336028,,Punjab Kings,Mumbai Indians,Punjab Kings,SE Marsh
336029,,Royal Challengers Bengaluru,Chennai Super Kings,Royal Challengers Bengaluru,A Kumble
336031,,Deccan Chargers,Punjab Kings,Punjab Kings,SE Marsh
336032,,Mumbai Indians,Delhi Capitals,Delhi Capitals,KD Karthik
336033,,Rajasthan Royals,Chennai Super Kings,Rajasthan Royals,JA Morkel
336034,,Royal Challengers Bengaluru,Deccan Chargers,Royal Challengers Bengaluru,P Kumar
336035,,Punjab Kings,Kolkata Knight Riders,Kolkata Knight Riders,Umar Gul
336036,,Mumbai Indians,Rajasthan Royals,Rajasthan Royals,Sohail Tanvir
336037,,Deccan Chargers,Chennai Super Kings,Chennai Super Kings,SK Raina
336038,,Rajasthan Royals,Delhi Capitals,Rajasthan Royals,SR Watson
336039,,Punjab Kings,Chennai Super Kings,Chennai Super Kings,M Ntini
336040,,Chennai Super Kings,Rajasthan Royals,Rajasthan Royals,YK Pathan
392181,,Mumbai Indians,Chennai Super Kings,Mumbai Indians,SR Tendulkar
392182,,Royal Challengers Bengaluru,Rajasthan Royals,Royal Challengers Bengaluru,R Dravid
392183,,Punjab Kings,Delhi Capitals,Punjab Kings,DL Vettori
392184,,Kolkata Knight Riders,Deccan Chargers,Deccan Chargers,RP Singh
392185,,Chennai Super Kings,Royal Challengers Bengaluru,Chennai Super Kings,M Muralitharan
392186,,Punjab Kings,Kolkata Knight Riders,Punjab Kings,CH Gayle
392188,,Deccan Chargers,Royal Challengers Bengaluru,Deccan Chargers,AC Gilchrist
392189,,Delhi Capitals,Chennai Super Kings,Delhi Capitals,AB de Villiers
392190,,Rajasthan Royals,Kolkata Knight Riders,Rajasthan Royals,YK Pathan
392191,,Royal Challengers Bengaluru,Punjab Kings,Punjab Kings,RS Bopara
392192,,Deccan Chargers,Mumbai Indians,Deccan Chargers,PP Ojha
392194,,Royal Challengers Bengaluru,Delhi Capitals,Delhi Capitals,TM Dilshan
392195,,Punjab Kings,Rajasthan Royals,Punjab Kings,KC Sangakkara
392196,,Chennai Super Kings,Deccan Chargers,Deccan Chargers,HH Gibbs
392197,,Mumbai Indians,Kolkata Knight Riders,Mumbai Indians,SR Tendulkar
392198,,Delhi Capitals,Rajasthan Royals,Rajasthan Royals,YK Pathan
392199,,Kolkata Knight Riders,Royal Challengers Bengaluru,Royal Challengers Bengaluru,MV Boucher
392200,,Punjab Kings,Mumbai Indians,Punjab Kings,KC Sangakkara
392201,,Deccan Chargers,Delhi Capitals,Delhi Capitals,DP Nannes
392202,,Chennai Super Kings,Rajasthan Royals,Chennai Super Kings,SK Raina
392203,,Mumbai Indians,Kolkata Knight Riders,Mumbai Indians,JP Duminy
392204,,Royal Challengers Bengaluru,Punjab Kings,Royal Challengers Bengaluru,Yuvraj Singh
392205,,Deccan Chargers,Rajasthan Royals,Rajasthan Royals,YK Pathan
392206,,Chennai Super Kings,Delhi Capitals,Chennai Super Kings,SB Jakati
392207,,Kolkata Knight Riders,Punjab Kings,Punjab Kings,DPMD Jayawardene
392208,,Mumbai Indians,Royal Challengers Bengaluru,Royal Challengers Bengaluru,JH Kallis
392209,,Chennai Super Kings,Deccan Chargers,Chennai Super Kings,MS Dhoni
392210,,Rajasthan Royals,Punjab Kings,Rajasthan Royals,GC Smith
392211,,Kolkata Knight Riders,Delhi Capitals,Delhi Capitals,G Gambhir
392212,,Deccan Chargers,Mumbai Indians,Deccan Chargers,RG Sharma
392213,,Royal Challengers Bengaluru,Rajasthan Royals,Rajasthan Royals,A Singh
392214,,Chennai Super Kings,Punjab Kings,Chennai Super Kings,ML Hayden
392215,,Mumbai Indians,Delhi Capitals,Delhi Capitals,A Nehra
392216,,Deccan Chargers,Punjab Kings,Punjab Kings,DPMD Jayawardene
392217,,Rajasthan Royals,Chennai Super Kings,Chennai Super Kings,S Badrinath
392218,,Mumbai Indians,Royal Challengers Bengaluru,Mumbai Indians,JP Duminy
392219,,Kolkata Knight Riders,Delhi Capitals,Delhi Capitals,A Mishra
392220,,Deccan Chargers,Rajasthan Royals,Deccan Chargers,DR Smith
392221,,Kolkata Knight Riders,Royal Challengers Bengaluru,Royal Challengers Bengaluru,LRPL Taylor
392222,,Punjab Kings,Mumbai Indians,Mumbai Indians,Harbhajan Singh
392223,,Delhi Capitals,Deccan Chargers,Delhi Capitals,R Bhatia
392224,,Chennai Super Kings,Royal Challengers Bengaluru,Royal Challengers Bengaluru,LRPL Taylor
392225,,Rajasthan Royals,Mumbai Indians,Rajasthan Royals,SK Warne
392226,,Delhi Capitals,Punjab Kings,Punjab Kings,B Lee
392227,,Mumbai Indians,Chennai Super Kings,Chennai Super Kings,ML Hayden
392228,,Kolkata Knight Riders,Deccan Chargers,Deccan Chargers,RG Sharma
392229,,Punjab Kings,Deccan Chargers,Punjab Kings,Yuvraj Singh
392230,,Delhi Capitals,Rajasthan Royals,Delhi Capitals,AB de Villiers
392231,,Chennai Super Kings,Kolkata Knight Riders,Kolkata Knight Riders,BJ Hodge
392232,,Delhi Capitals,Royal Challengers Bengaluru,Royal Challengers Bengaluru,JH Kallis
392233,,Rajasthan Royals,Kolkata Knight Riders,Kolkata Knight Riders,LR Shukla
392234,,Chennai Super Kings,Punjab Kings,Chennai Super Kings,M Muralitharan
392235,,Mumbai Indians,Delhi Capitals,Delhi Capitals,V Sehwag
392236,,Royal Challengers Bengaluru,Deccan Chargers,Royal Challengers Bengaluru,MK Pandey
392237,,Delhi Capitals,Deccan Chargers,Deccan Chargers,AC Gilchrist
392238,,Chennai Super Kings,Royal Challengers Bengaluru,Royal Challengers Bengaluru,MK Pandey
392239,,Deccan Chargers,Royal Challengers Bengaluru,Deccan Chargers,A Kumble
419106,,Kolkata Knight Riders,Deccan Chargers,Kolkata Knight Riders,AD Mathews
419107,,Mumbai Indians,Rajasthan Royals,Mumbai Indians,YK Pathan
419108,,Punjab Kings,Delhi Capitals,Delhi Capitals,G Gambhir
419109,,Royal Challengers Bengaluru,Kolkata Knight Riders,Kolkata Knight Riders,MK Tiwary
419110,,Deccan Chargers,Chennai Super Kings,Deccan Chargers,WPUJC Vaas
419111,,Rajasthan Royals,Delhi Capitals,Delhi Capitals,V Sehwag
419112,,Punjab Kings,Royal Challengers Bengaluru,Royal Challengers Bengaluru,JH Kallis
419113,,Chennai Super Kings,Kolkata Knight Riders,Chennai Super Kings,MS Dhoni
419114,,Mumbai Indians,Delhi Capitals,Mumbai Indians,SR Tendulkar
419115,,Rajasthan Royals,Royal Challengers Bengaluru,Royal Challengers Bengaluru,JH Kallis
419116,,Delhi Capitals,Chennai Super Kings,Chennai Super Kings,ML Hayden
419117,,Deccan Chargers,Punjab Kings,Deccan Chargers,A Symonds
419118,,Rajasthan Royals,Kolkata Knight Riders,Rajasthan Royals,AA Jhunjhunwala
419119,,Mumbai Indians,Royal Challengers Bengaluru,Royal Challengers Bengaluru,JH Kallis
419120,,Deccan Chargers,Delhi Capitals,Deccan Chargers,A Symonds
419121,,Punjab Kings,Chennai Super Kings,Punjab Kings,J Theron
419122,,Kolkata Knight Riders,Mumbai Indians,Mumbai Indians,SR Tendulkar
419123,,Royal Challengers Bengaluru,Chennai Super Kings,Royal Challengers Bengaluru,RV Uthappa
419124,,Rajasthan Royals,Punjab Kings,Rajasthan Royals,AC Voges
419125,,Chennai Super Kings,Mumbai Indians,Mumbai Indians,SR Tendulkar
419126,,Deccan Chargers,Rajasthan Royals,Rajasthan Royals,YK Pathan
419127,,Kolkata Knight Riders,Punjab Kings,Kolkata Knight Riders,MK Tiwary
419128,,Delhi Capitals,Royal Challengers Bengaluru,Delhi Capitals,KM Jadhav
419129,,Rajasthan Royals,Chennai Super Kings,Rajasthan Royals,NV Ojha
419130,,Mumbai Indians,Deccan Chargers,Mumbai Indians,Harbhajan Singh
419131,,Delhi Capitals,Kolkata Knight Riders,Delhi Capitals,DA Warner
419132,,Punjab Kings,Mumbai Indians,Mumbai Indians,SL Malinga
419133,,Royal Challengers Bengaluru,Chennai Super Kings,Chennai Super Kings,M Vijay
419134,,Delhi Capitals,Rajasthan Royals,Delhi Capitals,KD Karthik
419135,,Kolkata Knight Riders,Deccan Chargers,Kolkata Knight Riders,SC Ganguly
419136,,Punjab Kings,Royal Challengers Bengaluru,Royal Challengers Bengaluru,KP Pietersen
419137,,Chennai Super Kings,Rajasthan Royals,Chennai Super Kings,M Vijay
419138,,Mumbai Indians,Deccan Chargers,Mumbai Indians,AT Rayudu
419139,,Kolkata Knight Riders,Punjab Kings,Punjab Kings,DPMD Jayawardene
419140,,Delhi Capitals,Royal Challengers Bengaluru,Delhi Capitals,PD Collingwood
419141,,Rajasthan Royals,Deccan Chargers,Rajasthan Royals,SK Warne
419142,,Chennai Super Kings,Mumbai Indians,Chennai Super Kings,SK Raina
419143,,Punjab Kings,Rajasthan Royals,Rajasthan Royals,MJ Lumb
419144,,Kolkata Knight Riders,Delhi Capitals,Kolkata Knight Riders,SC Ganguly
419145,,Royal Challengers Bengaluru,Deccan Chargers,Deccan Chargers,TL Suman
419146,,Mumbai Indians,Punjab Kings,Punjab Kings,KC Sangakkara
419147,,Chennai Super Kings,Deccan Chargers,Deccan Chargers,RJ Harris
419148,,Kolkata Knight Riders,Royal Challengers Bengaluru,Royal Challengers Bengaluru,R Vinay Kumar
419149,,Delhi Capitals,Punjab Kings,Punjab Kings,PP Chawla
419150,,Mumbai Indians,Rajasthan Royals,Mumbai Indians,SR Tendulkar
419151,,Deccan Chargers,Royal Challengers Bengaluru,Deccan Chargers,Harmeet Singh
419152,,Mumbai Indians,Delhi Capitals,Mumbai Indians,KA Pollard
419153,,Kolkata Knight Riders,Chennai Super Kings,Chennai Super Kings,R Ashwin
419154,,Rajasthan Royals,Royal Challengers Bengaluru,Royal Challengers Bengaluru,KP Pietersen
419155,,Chennai Super Kings,Delhi Capitals,Delhi Capitals,G Gambhir
419156,,Punjab Kings,Deccan Chargers,Deccan Chargers,RG Sharma
419157,,Mumbai Indians,Royal Challengers Bengaluru,Mumbai Indians,R McLaren
419158,,Rajasthan Royals,Kolkata Knight Riders,Kolkata Knight Riders,JD Unadkat
419159,,Punjab Kings,Chennai Super Kings,Chennai Super Kings,MS Dhoni
419160,,Deccan Chargers,Delhi Capitals,Deccan Chargers,A Symonds
419161,,Mumbai Indians,Kolkata Knight Riders,Kolkata Knight Riders,M Kartik
419162,,Mumbai Indians,Royal Challengers Bengaluru,Mumbai Indians,KA Pollard
419163,,Chennai Super Kings,Deccan Chargers,Chennai Super Kings,DE Bollinger
419164,,Deccan Chargers,Royal Challengers Bengaluru,Royal Challengers Bengaluru,A Kumble
419165,,Chennai Super Kings,Mumbai Indians,Chennai Super Kings,SK Raina
501198,,Chennai Super Kings,Kolkata Knight Riders,Chennai Super Kings,S Anirudha
501199,,Deccan Chargers,Rajasthan Royals,Rajasthan Royals,SK Trivedi
501200,,Kochi Tuskers Kerala,Royal Challengers Bengaluru,Royal Challengers Bengaluru,AB de Villiers
501201,,Delhi Capitals,Mumbai Indians,Mumbai Indians,SL Malinga
501202,,Punjab Kings,Pune Warriors,Pune Warriors,SB Wagh
501203,,Kolkata Knight Riders,Deccan Chargers,Kolkata Knight Riders,JH Kallis
501204,,Delhi Capitals,Rajasthan Royals,Rajasthan Royals,SK Warne
501205,,Royal Challengers Bengaluru,Mumbai Indians,Mumbai Indians,SR Tendulkar
501206,,Chennai Super Kings,Punjab Kings,Punjab Kings,PC Valthaty
501207,,Kochi Tuskers Kerala,Pune Warriors,Pune Warriors,MD Mishra
501208,,Deccan Chargers,Royal Challengers Bengaluru,Deccan Chargers,DW Steyn
501209,,Rajasthan Royals,Kolkata Knight Riders,Kolkata Knight Riders,G Gambhir
501210,,Mumbai Indians,Kochi Tuskers Kerala,Kochi Tuskers Kerala,BB McCullum
501211,,Chennai Super Kings,Royal Challengers Bengaluru,Chennai Super Kings,MEK Hussey
501212,,Deccan Chargers,Punjab Kings,Punjab Kings,PC Valthaty
501213,,Pune Warriors,Delhi Capitals,Delhi Capitals,Yuvraj Singh
501214,,Rajasthan Royals,Kolkata Knight Riders,Kolkata Knight Riders,L Balaji
501215,,Chennai Super Kings,Kochi Tuskers Kerala,Kochi Tuskers Kerala,BB McCullum
501216,,Deccan Chargers,Delhi Capitals,Deccan Chargers,S Sohal
501218,,Pune Warriors,Mumbai Indians,Mumbai Indians,MM Patel
501219,,Kochi Tuskers Kerala,Kolkata Knight Riders,Kochi Tuskers Kerala,DPMD Jayawardene
501220,,Punjab Kings,Rajasthan Royals,Punjab Kings,SE Marsh
501221,,Mumbai Indians,Chennai Super Kings,Mumbai Indians,Harbhajan Singh
501222,,Kolkata Knight Riders,Royal Challengers Bengaluru,Royal Challengers Bengaluru,CH Gayle
501223,,Delhi Capitals,Punjab Kings,Delhi Capitals,DA Warner
501224,,Mumbai Indians,Deccan Chargers,Mumbai Indians,SL Malinga
501225,,Kochi Tuskers Kerala,Rajasthan Royals,Rajasthan Royals,SK Warne
501226,,Chennai Super Kings,Pune Warriors,Chennai Super Kings,MEK Hussey
501227,,Delhi Capitals,Royal Challengers Bengaluru,Royal Challengers Bengaluru,V Kohli
501228,,Pune Warriors,Chennai Super Kings,Chennai Super Kings,DE Bollinger
501229,,Deccan Chargers,Kochi Tuskers Kerala,Deccan Chargers,I Sharma
501230,,Kolkata Knight Riders,Delhi Capitals,Kolkata Knight Riders,MK Tiwary
501231,,Mumbai Indians,Rajasthan Royals,Rajasthan Royals,J Botha
501232,,Royal Challengers Bengaluru,Pune Warriors,Royal Challengers Bengaluru,V Kohli
501233,,Delhi Capitals,Kochi Tuskers Kerala,Delhi Capitals,V Sehwag
501234,,Punjab Kings,Kolkata Knight Riders,Kolkata Knight Riders,Iqbal Abdulla
501235,,Pune Warriors,Rajasthan Royals,Rajasthan Royals,LRPL Taylor
501236,,Chennai Super Kings,Deccan Chargers,Chennai Super Kings,JA Morkel
501237,,Mumbai Indians,Punjab Kings,Mumbai Indians,KA Pollard
501238,,Delhi Capitals,Kochi Tuskers Kerala,Kochi Tuskers Kerala,P Parameswaran
501239,,Kolkata Knight Riders,Deccan Chargers,Kolkata Knight Riders,YK Pathan
501240,,Rajasthan Royals,Chennai Super Kings,Chennai Super Kings,MEK Hussey
501241,,Mumbai Indians,Pune Warriors,Mumbai Indians,R Sharma
501242,,Kochi Tuskers Kerala,Kolkata Knight Riders,Kochi Tuskers Kerala,BJ Hodge
501243,,Deccan Chargers,Delhi Capitals,Delhi Capitals,V Sehwag
501244,,Royal Challengers Bengaluru,Punjab Kings,Royal Challengers Bengaluru,CH Gayle
501245,,Chennai Super Kings,Kolkata Knight Riders,Chennai Super Kings,Iqbal Abdulla
501246,,Mumbai Indians,Delhi Capitals,Mumbai Indians,AT Rayudu
501247,,Kochi Tuskers Kerala,Royal Challengers Bengaluru,Royal Challengers Bengaluru,CH Gayle
501248,,Punjab Kings,Pune Warriors,Pune Warriors,R Sharma
501249,,Chennai Super Kings,Rajasthan Royals,Chennai Super Kings,M Vijay
501250,,Deccan Chargers,Pune Warriors,Pune Warriors,MR Marsh
501251,,Punjab Kings,Mumbai Indians,Punjab Kings,BA Bhatt
501252,,Rajasthan Royals,Royal Challengers Bengaluru,Royal Challengers Bengaluru,S Aravind
501253,,Chennai Super Kings,Delhi Capitals,Chennai Super Kings,MS Dhoni
501254,,Kochi Tuskers Kerala,Punjab Kings,Punjab Kings,KD Karthik
501255,,Kolkata Knight Riders,Royal Challengers Bengaluru,Royal Challengers Bengaluru,CH Gayle
501256,,Deccan Chargers,Mumbai Indians,Deccan Chargers,A Mishra
501257,,Punjab Kings,Delhi Capitals,Punjab Kings,PP Chawla
501258,,Rajasthan Royals,Kochi Tuskers Kerala,Kochi Tuskers Kerala,BJ Hodge
501259,,Pune Warriors,Deccan Chargers,Deccan Chargers,A Mishra
501260,,Punjab Kings,Royal Challengers Bengaluru,Punjab Kings,AC Gilchrist
501261,,Chennai Super Kings,Kochi Tuskers Kerala,Chennai Super Kings,WP Saha
501262,,Pune Warriors,Kolkata Knight Riders,Kolkata Knight Riders,YK Pathan
501263,,Mumbai Indians,Rajasthan Royals,Rajasthan Royals,SR Watson
501264,,Deccan Chargers,Punjab Kings,Deccan Chargers,S Dhawan
501265,,Delhi Capitals,,Delhi Capitals,Unknown
501266,,Chennai Super Kings,Royal Challengers Bengaluru,Royal Challengers Bengaluru,CH Gayle
501267,,Kolkata Knight Riders,Mumbai Indians,Mumbai Indians,JEC Franklin
501268,,Royal Challengers Bengaluru,Chennai Super Kings,Chennai Super Kings,SK Raina
501269,,Kolkata Knight Riders,Mumbai Indians,Mumbai Indians,MM Patel
501270,,Royal Challengers Bengaluru,Mumbai Indians,Royal Challengers Bengaluru,CH Gayle
501271,,Chennai Super Kings,Royal Challengers Bengaluru,Chennai Super Kings,M Vijay
548306,,Chennai Super Kings,Mumbai Indians,Mumbai Indians,RE Levi
548307,,Kolkata Knight Riders,Delhi Capitals,Delhi Capitals,IK Pathan
548308,,Pune Warriors,Mumbai Indians,Pune Warriors,SPD Smith
548309,,Rajasthan Royals,Punjab Kings,Rajasthan Royals,AM Rahane
548310,,Royal Challengers Bengaluru,Delhi Capitals,Royal Challengers Bengaluru,AB de Villiers
548311,,Chennai Super Kings,Deccan Chargers,Chennai Super Kings,RA Jadeja
548312,,Rajasthan Royals,Kolkata Knight Riders,Rajasthan Royals,BJ Hodge
548313,,Pune Warriors,Punjab Kings,Pune Warriors,MN Samuels
548314,,Deccan Chargers,Mumbai Indians,Mumbai Indians,RG Sharma
548315,,Kolkata Knight Riders,Royal Challengers Bengaluru,Kolkata Knight Riders,L Balaji
548316,,Chennai Super Kings,Delhi Capitals,Delhi Capitals,M Morkel
548317,,Mumbai Indians,Rajasthan Royals,Mumbai Indians,KA Pollard
548318,,Royal Challengers Bengaluru,Chennai Super Kings,Chennai Super Kings,F du Plessis
548319,,Pune Warriors,Punjab Kings,Punjab Kings,AD Mascarenhas
548320,,Rajasthan Royals,Kolkata Knight Riders,Kolkata Knight Riders,Shakib Al Hasan
548321,,Deccan Chargers,Delhi Capitals,Delhi Capitals,KP Pietersen
548322,,Chennai Super Kings,Pune Warriors,Pune Warriors,JD Ryder
548323,,Punjab Kings,Kolkata Knight Riders,Punjab Kings,SP Narine
548324,,Rajasthan Royals,Royal Challengers Bengaluru,Rajasthan Royals,AM Rahane
548325,,Mumbai Indians,Delhi Capitals,Delhi Capitals,S Nadeem
548326,,Deccan Chargers,Rajasthan Royals,Rajasthan Royals,BJ Hodge
548327,,Pune Warriors,Royal Challengers Bengaluru,Royal Challengers Bengaluru,CH Gayle
548328,,Punjab Kings,Kolkata Knight Riders,Kolkata Knight Riders,G Gambhir
548329,,Deccan Chargers,Delhi Capitals,Delhi Capitals,DA Warner
548330,,Chennai Super Kings,Pune Warriors,Chennai Super Kings,KMDN Kulasekara
548331,,Punjab Kings,Royal Challengers Bengaluru,Royal Challengers Bengaluru,CH Gayle
548332,,Rajasthan Royals,Chennai Super Kings,Chennai Super Kings,F du Plessis
548333,,Pune Warriors,Delhi Capitals,Pune Warriors,SC Ganguly
548334,,Mumbai Indians,Punjab Kings,Punjab Kings,SE Marsh
548335,,Deccan Chargers,Kolkata Knight Riders,Kolkata Knight Riders,B Lee
548336,,Royal Challengers Bengaluru,Rajasthan Royals,Royal Challengers Bengaluru,AB de Villiers
548337,,Pune Warriors,Delhi Capitals,Delhi Capitals,V Sehwag
548339,,Punjab Kings,Mumbai Indians,Mumbai Indians,AT Rayudu
548341,,Deccan Chargers,Pune Warriors,Deccan Chargers,CL White
548342,,Delhi Capitals,Mumbai Indians,Delhi Capitals,V Sehwag
548343,,Punjab Kings,Chennai Super Kings,Punjab Kings,Mandeep Singh
548344,,Kolkata Knight Riders,Royal Challengers Bengaluru,Kolkata Knight Riders,G Gambhir
548345,,Delhi Capitals,Rajasthan Royals,Delhi Capitals,V Sehwag
548346,,Deccan Chargers,Mumbai Indians,Mumbai Indians,DW Steyn
548347,,Chennai Super Kings,Kolkata Knight Riders,Kolkata Knight Riders,G Gambhir
548348,,Deccan Chargers,Pune Warriors,Deccan Chargers,KC Sangakkara
548349,,Rajasthan Royals,Delhi Capitals,Delhi Capitals,P Negi
548350,,Royal Challengers Bengaluru,Punjab Kings,Punjab Kings,Azhar Mahmood
548351,,Mumbai Indians,Pune Warriors,Mumbai Indians,SL Malinga
548352,,Chennai Super Kings,Deccan Chargers,Chennai Super Kings,SK Raina
548353,,Kolkata Knight Riders,Pune Warriors,Kolkata Knight Riders,SP Narine
548354,,Rajasthan Royals,Punjab Kings,Rajasthan Royals,SR Watson
548355,,Chennai Super Kings,Mumbai Indians,Mumbai Indians,DR Smith
548356,,Deccan Chargers,Royal Challengers Bengaluru,Royal Challengers Bengaluru,AB de Villiers
548357,,Delhi Capitals,Kolkata Knight Riders,Kolkata Knight Riders,JH Kallis
548358,,Pune Warriors,Rajasthan Royals,Rajasthan Royals,SR Watson
548359,,Punjab Kings,Deccan Chargers,Punjab Kings,Mandeep Singh
548360,,Mumbai Indians,Royal Challengers Bengaluru,Royal Challengers Bengaluru,CH Gayle
548361,,Rajasthan Royals,Chennai Super Kings,Chennai Super Kings,BW Hilfenhaus
548362,,Royal Challengers Bengaluru,Pune Warriors,Royal Challengers Bengaluru,CH Gayle
548363,,Mumbai Indians,Kolkata Knight Riders,Mumbai Indians,RG Sharma
548364,,Delhi Capitals,Chennai Super Kings,Chennai Super Kings,BW Hilfenhaus
548365,,Rajasthan Royals,Pune Warriors,Rajasthan Royals,A Chandila
548366,,Deccan Chargers,Punjab Kings,Punjab Kings,DJ Hussey
548367,,Royal Challengers Bengaluru,Mumbai Indians,Mumbai Indians,AT Rayudu
548368,,Kolkata Knight Riders,Chennai Super Kings,Chennai Super Kings,MEK Hussey
548369,,Punjab Kings,Delhi Capitals,Delhi Capitals,UT Yadav
548370,,Kolkata Knight Riders,Mumbai Indians,Kolkata Knight Riders,SP Narine
548371,,Chennai Super Kings,Punjab Kings,Punjab Kings,AC Gilchrist
548372,,Royal Challengers Bengaluru,Delhi Capitals,Royal Challengers Bengaluru,CH Gayle
548373,,Rajasthan Royals,Deccan Chargers,Deccan Chargers,DW Steyn
548374,,Punjab Kings,Delhi Capitals,Delhi Capitals,UT Yadav
548375,,Kolkata Knight Riders,Pune Warriors,Kolkata Knight Riders,Shakib Al Hasan
548376,,Deccan Chargers,Royal Challengers Bengaluru,Deccan Chargers,DW Steyn
548377,,Rajasthan Royals,Mumbai Indians,Mumbai Indians,DR Smith
548378,,Kolkata Knight Riders,Delhi Capitals,Kolkata Knight Riders,YK Pathan
548379,,Chennai Super Kings,Mumbai Indians,Chennai Super Kings,MS Dhoni
548380,,Chennai Super Kings,Delhi Capitals,Chennai Super Kings,M Vijay
548381,,Chennai Super Kings,Kolkata Knight Riders,Kolkata Knight Riders,MS Bisla
597998,,Delhi Capitals,Kolkata Knight Riders,Kolkata Knight Riders,SP Narine
597999,,Royal Challengers Bengaluru,Mumbai Indians,Royal Challengers Bengaluru,CH Gayle
598000,,Sunrisers Hyderabad,Pune Warriors,Sunrisers Hyderabad,A Mishra
598001,,Rajasthan Royals,Delhi Capitals,Rajasthan Royals,R Dravid
598002,,Mumbai Indians,Chennai Super Kings,Mumbai Indians,KA Pollard
598003,,Pune Warriors,Punjab Kings,Punjab Kings,M Vohra
598004,,Royal Challengers Bengaluru,Sunrisers Hyderabad,Sunrisers Hyderabad,GH Vihari
598005,,Rajasthan Royals,Kolkata Knight Riders,Rajasthan Royals,SK Trivedi
598006,,Mumbai Indians,Delhi Capitals,Mumbai Indians,KD Karthik
598007,,Punjab Kings,Chennai Super Kings,Chennai Super Kings,MEK Hussey
598008,,Kolkata Knight Riders,Royal Challengers Bengaluru,Royal Challengers Bengaluru,CH Gayle
598009,,Rajasthan Royals,Pune Warriors,Pune Warriors,AJ Finch
598010,,Delhi Capitals,Sunrisers Hyderabad,Sunrisers Hyderabad,A Mishra
598011,,Mumbai Indians,Pune Warriors,Mumbai Indians,RG Sharma
598012,,Royal Challengers Bengaluru,Chennai Super Kings,Chennai Super Kings,RA Jadeja
598013,,Kolkata Knight Riders,Sunrisers Hyderabad,Kolkata Knight Riders,G Gambhir
598014,,Punjab Kings,Rajasthan Royals,Rajasthan Royals,JP Faulkner
598015,,Pune Warriors,Chennai Super Kings,Pune Warriors,SPD Smith
598016,,Punjab Kings,Kolkata Knight Riders,Punjab Kings,MS Gony
598017,,Delhi Capitals,Royal Challengers Bengaluru,Royal Challengers Bengaluru,V Kohli
598018,,Sunrisers Hyderabad,Pune Warriors,Sunrisers Hyderabad,A Mishra
598019,,Rajasthan Royals,Mumbai Indians,Rajasthan Royals,AM Rahane
598020,,Chennai Super Kings,Delhi Capitals,Chennai Super Kings,MEK Hussey
598021,,Punjab Kings,Sunrisers Hyderabad,Sunrisers Hyderabad,GH Vihari
598022,,Kolkata Knight Riders,Chennai Super Kings,Chennai Super Kings,RA Jadeja
598023,,Rajasthan Royals,Royal Challengers Bengaluru,Royal Challengers Bengaluru,R Vinay Kumar
598024,,Mumbai Indians,Delhi Capitals,Delhi Capitals,V Sehwag
598025,,Pune Warriors,Punjab Kings,Punjab Kings,DA Miller
598026,,Rajasthan Royals,Chennai Super Kings,Chennai Super Kings,MEK Hussey
598027,,Royal Challengers Bengaluru,Pune Warriors,Royal Challengers Bengaluru,CH Gayle
598028,,Punjab Kings,Delhi Capitals,Punjab Kings,DA Miller
598029,,Kolkata Knight Riders,Mumbai Indians,Mumbai Indians,DR Smith
598030,,Sunrisers Hyderabad,Chennai Super Kings,Chennai Super Kings,MS Dhoni
598031,,Punjab Kings,Kolkata Knight Riders,Kolkata Knight Riders,JH Kallis
598032,,Sunrisers Hyderabad,Rajasthan Royals,Rajasthan Royals,JP Faulkner
598033,,Mumbai Indians,Royal Challengers Bengaluru,Mumbai Indians,DR Smith
598034,,Chennai Super Kings,Kolkata Knight Riders,Chennai Super Kings,MEK Hussey
598035,,Delhi Capitals,Pune Warriors,Delhi Capitals,DA Warner
598036,,Royal Challengers Bengaluru,Rajasthan Royals,Rajasthan Royals,SV Samson
598037,,Mumbai Indians,Punjab Kings,Mumbai Indians,RG Sharma
598038,,Chennai Super Kings,Pune Warriors,Chennai Super Kings,MS Dhoni
598039,,Mumbai Indians,Sunrisers Hyderabad,Sunrisers Hyderabad,I Sharma
598040,,Kolkata Knight Riders,Delhi Capitals,Delhi Capitals,DA Warner
598041,,Chennai Super Kings,Punjab Kings,Chennai Super Kings,SK Raina
598042,,Royal Challengers Bengaluru,Pune Warriors,Royal Challengers Bengaluru,AB de Villiers
598043,,Rajasthan Royals,Kolkata Knight Riders,Kolkata Knight Riders,YK Pathan
598044,,Delhi Capitals,Sunrisers Hyderabad,Sunrisers Hyderabad,DJG Sammy
598045,,Royal Challengers Bengaluru,Punjab Kings,Punjab Kings,AC Gilchrist
598046,,Mumbai Indians,Chennai Super Kings,Mumbai Indians,MG Johnson
598047,,Pune Warriors,Rajasthan Royals,Rajasthan Royals,AM Rahane
598048,,Sunrisers Hyderabad,Royal Challengers Bengaluru,Royal Challengers Bengaluru,V Kohli
598049,,Delhi Capitals,Rajasthan Royals,Rajasthan Royals,AM Rahane
598050,,Mumbai Indians,Kolkata Knight Riders,Mumbai Indians,SR Tendulkar
598051,,Chennai Super Kings,Sunrisers Hyderabad,Chennai Super Kings,SK Raina
598052,,Punjab Kings,Rajasthan Royals,Rajasthan Royals,KK Cooper
598053,,Kolkata Knight Riders,Pune Warriors,Kolkata Knight Riders,G Gambhir
598054,,Royal Challengers Bengaluru,Delhi Capitals,Royal Challengers Bengaluru,JD Unadkat
598055,,Pune Warriors,Mumbai Indians,Mumbai Indians,MG Johnson
598056,,Sunrisers Hyderabad,Punjab Kings,Sunrisers Hyderabad,PA Patel
598057,,Royal Challengers Bengaluru,Kolkata Knight Riders,Kolkata Knight Riders,JH Kallis
598058,,Chennai Super Kings,Rajasthan Royals,Rajasthan Royals,SR Watson
598059,,Delhi Capitals,Punjab Kings,Punjab Kings,Harmeet Singh
598060,,Sunrisers Hyderabad,Mumbai Indians,Mumbai Indians,KA Pollard
598061,,Pune Warriors,Kolkata Knight Riders,Pune Warriors,MK Pandey
598062,,Chennai Super Kings,Delhi Capitals,Chennai Super Kings,MS Dhoni
598063,,Mumbai Indians,Rajasthan Royals,Mumbai Indians,AP Tare
598064,,Royal Challengers Bengaluru,Punjab Kings,Punjab Kings,DA Miller
598065,,Sunrisers Hyderabad,Rajasthan Royals,Sunrisers Hyderabad,A Mishra
598066,,Punjab Kings,Mumbai Indians,Punjab Kings,Azhar Mahmood
598067,,Pune Warriors,Delhi Capitals,Pune Warriors,LJ Wright
598068,,Royal Challengers Bengaluru,Chennai Super Kings,Royal Challengers Bengaluru,V Kohli
598069,,Kolkata Knight Riders,Sunrisers Hyderabad,Sunrisers Hyderabad,PA Patel
598070,,Chennai Super Kings,Mumbai Indians,Chennai Super Kings,MEK Hussey
598071,,Sunrisers Hyderabad,Rajasthan Royals,Rajasthan Royals,BJ Hodge
598072,,Rajasthan Royals,Mumbai Indians,Mumbai Indians,Harbhajan Singh
598073,,Mumbai Indians,Chennai Super Kings,Mumbai Indians,KA Pollard
729279,,Kolkata Knight Riders,Mumbai Indians,Kolkata Knight Riders,JH Kallis
729281,,Delhi Capitals,Royal Challengers Bengaluru,Royal Challengers Bengaluru,YS Chahal
729283,,Chennai Super Kings,Punjab Kings,Punjab Kings,GJ Maxwell
729285,,Sunrisers Hyderabad,Rajasthan Royals,Rajasthan Royals,AM Rahane
729287,,Mumbai Indians,Royal Challengers Bengaluru,Royal Challengers Bengaluru,PA Patel
729289,,Kolkata Knight Riders,Delhi Capitals,Delhi Capitals,JP Duminy
729291,,Rajasthan Royals,Punjab Kings,Punjab Kings,GJ Maxwell
729293,,Chennai Super Kings,Delhi Capitals,Chennai Super Kings,SK Raina
729295,,Punjab Kings,Sunrisers Hyderabad,Punjab Kings,GJ Maxwell
729297,,Chennai Super Kings,Rajasthan Royals,Chennai Super Kings,RA Jadeja
729299,,Kolkata Knight Riders,Royal Challengers Bengaluru,Kolkata Knight Riders,CA Lynn
729301,,Sunrisers Hyderabad,Delhi Capitals,Sunrisers Hyderabad,AJ Finch
729303,,Mumbai Indians,Chennai Super Kings,Chennai Super Kings,MM Sharma
729305,,Royal Challengers Bengaluru,Rajasthan Royals,Rajasthan Royals,PV Tambe
729307,,Punjab Kings,Kolkata Knight Riders,Punjab Kings,Sandeep Sharma
729309,,Mumbai Indians,Delhi Capitals,Delhi Capitals,M Vijay
729311,,Sunrisers Hyderabad,Chennai Super Kings,Chennai Super Kings,DR Smith
729313,,Royal Challengers Bengaluru,Punjab Kings,Punjab Kings,Sandeep Sharma
729315,,Rajasthan Royals,Kolkata Knight Riders,,JP Faulkner
729317,,Sunrisers Hyderabad,Mumbai Indians,Sunrisers Hyderabad,B Kumar
733971,,Chennai Super Kings,Kolkata Knight Riders,Chennai Super Kings,RA Jadeja
733973,,Punjab Kings,Mumbai Indians,Mumbai Indians,CJ Anderson
733975,,Delhi Capitals,Rajasthan Royals,Rajasthan Royals,KK Nair
733977,,Sunrisers Hyderabad,Royal Challengers Bengaluru,Royal Challengers Bengaluru,AB de Villiers
733979,,Rajasthan Royals,Kolkata Knight Riders,Rajasthan Royals,PV Tambe
733981,,Delhi Capitals,Chennai Super Kings,Chennai Super Kings,DR Smith
733983,,Mumbai Indians,Royal Challengers Bengaluru,Mumbai Indians,RG Sharma
733985,,Delhi Capitals,Kolkata Knight Riders,Kolkata Knight Riders,G Gambhir
733987,,Punjab Kings,Chennai Super Kings,Punjab Kings,GJ Maxwell
733989,,Sunrisers Hyderabad,Rajasthan Royals,Sunrisers Hyderabad,B Kumar
733991,,Punjab Kings,Royal Challengers Bengaluru,Punjab Kings,Sandeep Sharma
733993,,Delhi Capitals,Sunrisers Hyderabad,Delhi Capitals,DW Steyn
733995,,Mumbai Indians,Chennai Super Kings,Chennai Super Kings,DR Smith
733997,,Punjab Kings,Kolkata Knight Riders,Kolkata Knight Riders,G Gambhir
733999,,Royal Challengers Bengaluru,Rajasthan Royals,Rajasthan Royals,JP Faulkner
734001,,Sunrisers Hyderabad,Mumbai Indians,Mumbai Indians,AT Rayudu
734003,,Rajasthan Royals,Chennai Super Kings,Chennai Super Kings,RA Jadeja
734005,,Royal Challengers Bengaluru,Delhi Capitals,Royal Challengers Bengaluru,Yuvraj Singh
734007,,Sunrisers Hyderabad,Punjab Kings,Punjab Kings,WP Saha
734009,,Mumbai Indians,Kolkata Knight Riders,Kolkata Knight Riders,RV Uthappa
734011,,Rajasthan Royals,Delhi Capitals,Rajasthan Royals,AM Rahane
734013,,Chennai Super Kings,Royal Challengers Bengaluru,Royal Challengers Bengaluru,AB de Villiers
734015,,Sunrisers Hyderabad,Kolkata Knight Riders,Kolkata Knight Riders,UT Yadav
734017,,Mumbai Indians,Rajasthan Royals,Mumbai Indians,MEK Hussey
734019,,Delhi Capitals,Punjab Kings,Punjab Kings,AR Patel
734021,,Royal Challengers Bengaluru,Sunrisers Hyderabad,Sunrisers Hyderabad,DA Warner
734023,,Chennai Super Kings,Kolkata Knight Riders,Kolkata Knight Riders,RV Uthappa
734025,,Punjab Kings,Mumbai Indians,Mumbai Indians,LMP Simmons
734027,,Kolkata Knight Riders,Royal Challengers Bengaluru,Kolkata Knight Riders,RV Uthappa
734029,,Chennai Super Kings,Sunrisers Hyderabad,Sunrisers Hyderabad,DA Warner
734031,,Mumbai Indians,Delhi Capitals,Mumbai Indians,MEK Hussey
734033,,Punjab Kings,Rajasthan Royals,Punjab Kings,SE Marsh
734035,,Royal Challengers Bengaluru,Chennai Super Kings,Chennai Super Kings,MS Dhoni
734037,,Sunrisers Hyderabad,Kolkata Knight Riders,Kolkata Knight Riders,YK Pathan
734039,,Delhi Capitals,Punjab Kings,Punjab Kings,M Vohra
734041,,Rajasthan Royals,Mumbai Indians,Mumbai Indians,CJ Anderson
734043,,Kolkata Knight Riders,Punjab Kings,Kolkata Knight Riders,UT Yadav
734045,,Mumbai Indians,Chennai Super Kings,Chennai Super Kings,SK Raina
734047,,Punjab Kings,Chennai Super Kings,Punjab Kings,V Sehwag
734049,,Punjab Kings,Kolkata Knight Riders,Kolkata Knight Riders,MK Pandey
829705,,Mumbai Indians,Kolkata Knight Riders,Kolkata Knight Riders,M Morkel
829707,,Chennai Super Kings,Delhi Capitals,Chennai Super Kings,A Nehra
829709,,Rajasthan Royals,Punjab Kings,Rajasthan Royals,JP Faulkner
829711,,Chennai Super Kings,Sunrisers Hyderabad,Chennai Super Kings,BB McCullum
829713,,Kolkata Knight Riders,Royal Challengers Bengaluru,Royal Challengers Bengaluru,CH Gayle
829715,,Delhi Capitals,Rajasthan Royals,Rajasthan Royals,DJ Hooda
829717,,Punjab Kings,Mumbai Indians,Punjab Kings,GJ Bailey
829719,,Royal Challengers Bengaluru,Sunrisers Hyderabad,Sunrisers Hyderabad,DA Warner
829721,,Mumbai Indians,Rajasthan Royals,Rajasthan Royals,SPD Smith
829723,,Chennai Super Kings,Kolkata Knight Riders,Kolkata Knight Riders,AD Russell
829725,,Punjab Kings,Delhi Capitals,Delhi Capitals,MA Agarwal
829727,,Sunrisers Hyderabad,Rajasthan Royals,Rajasthan Royals,AM Rahane
829729,,Mumbai Indians,Chennai Super Kings,Chennai Super Kings,A Nehra
829731,,Delhi Capitals,Sunrisers Hyderabad,Delhi Capitals,JP Duminy
829733,,Punjab Kings,Kolkata Knight Riders,Kolkata Knight Riders,AD Russell
829735,,Chennai Super Kings,Rajasthan Royals,Rajasthan Royals,AM Rahane
829737,,Mumbai Indians,Royal Challengers Bengaluru,Mumbai Indians,Harbhajan Singh
829739,,Delhi Capitals,Kolkata Knight Riders,Kolkata Knight Riders,UT Yadav
829741,,Rajasthan Royals,Punjab Kings,Punjab Kings,SE Marsh
829743,,Sunrisers Hyderabad,Kolkata Knight Riders,Sunrisers Hyderabad,DA Warner
829745,,Chennai Super Kings,Royal Challengers Bengaluru,Chennai Super Kings,SK Raina
829747,,Delhi Capitals,Mumbai Indians,Delhi Capitals,SS Iyer
829749,,Rajasthan Royals,Royal Challengers Bengaluru,Royal Challengers Bengaluru,MA Starc
829751,,Mumbai Indians,Sunrisers Hyderabad,Mumbai Indians,SL Malinga
829753,,Chennai Super Kings,Punjab Kings,Chennai Super Kings,BB McCullum
829757,,Delhi Capitals,Royal Challengers Bengaluru,Royal Challengers Bengaluru,VR Aaron
829759,,Sunrisers Hyderabad,Punjab Kings,Sunrisers Hyderabad,TA Boult
829761,,Kolkata Knight Riders,Delhi Capitals,Kolkata Knight Riders,PP Chawla
829763,,Royal Challengers Bengaluru,,Royal Challengers Bengaluru,Unknown
829765,,Chennai Super Kings,Kolkata Knight Riders,Chennai Super Kings,DJ Bravo
829767,,Punjab Kings,Delhi Capitals,Delhi Capitals,NM Coulter-Nile
829769,,Mumbai Indians,Rajasthan Royals,Mumbai Indians,AT Rayudu
829771,,Kolkata Knight Riders,Royal Challengers Bengaluru,Royal Challengers Bengaluru,Mandeep Singh
829773,,Sunrisers Hyderabad,Chennai Super Kings,Sunrisers Hyderabad,DA Warner
829775,,Mumbai Indians,Punjab Kings,Mumbai Indians,LMP Simmons
829777,,Rajasthan Royals,Delhi Capitals,Rajasthan Royals,AM Rahane
829779,,Chennai Super Kings,Royal Challengers Bengaluru,Chennai Super Kings,SK Raina
829781,,Kolkata Knight Riders,Sunrisers Hyderabad,Kolkata Knight Riders,UT Yadav
829783,,Delhi Capitals,Mumbai Indians,Mumbai Indians,Harbhajan Singh
829785,,Royal Challengers Bengaluru,Punjab Kings,Royal Challengers Bengaluru,CH Gayle
829787,,Sunrisers Hyderabad,Rajasthan Royals,Sunrisers Hyderabad,EJG Morgan
829789,,Chennai Super Kings,Mumbai Indians,Mumbai Indians,HH Pandya
829791,,Punjab Kings,Kolkata Knight Riders,Kolkata Knight Riders,AD Russell
829793,,Sunrisers Hyderabad,Delhi Capitals,Sunrisers Hyderabad,MC Henriques
829795,,Royal Challengers Bengaluru,Mumbai Indians,Royal Challengers Bengaluru,AB de Villiers
829797,,Chennai Super Kings,Rajasthan Royals,Chennai Super Kings,RA Jadeja
829799,,Sunrisers Hyderabad,Punjab Kings,Sunrisers Hyderabad,DA Warner
829801,,Chennai Super Kings,Delhi Capitals,Delhi Capitals,Z Khan
829803,,Punjab Kings,Royal Challengers Bengaluru,Punjab Kings,AR Patel
829805,,Mumbai Indians,Kolkata Knight Riders,Mumbai Indians,HH Pandya
829807,,Sunrisers Hyderabad,Royal Challengers Bengaluru,Sunrisers Hyderabad,V Kohli
829809,,Punjab Kings,Chennai Super Kings,Chennai Super Kings,P Negi
829811,,Rajasthan Royals,Kolkata Knight Riders,Rajasthan Royals,SR Watson
829813,,Delhi Capitals,Royal Challengers Bengaluru,Delhi Capitals,Unknown
829815,,Sunrisers Hyderabad,Mumbai Indians,Mumbai Indians,MJ McClenaghan
829817,,Mumbai Indians,Chennai Super Kings,Mumbai Indians,KA Pollard
829819,,Royal Challengers Bengaluru,Rajasthan Royals,Royal Challengers Bengaluru,AB de Villiers
829821,,Royal Challengers Bengaluru,Chennai Super Kings,Chennai Super Kings,A Nehra
829823,,Mumbai Indians,Chennai Super Kings,Mumbai Indians,RG Sharma
980901,,Mumbai Indians,Rising Pune Supergiants,Rising Pune Supergiants,AM Rahane
980903,,Delhi Capitals,Kolkata Knight Riders,Kolkata Knight Riders,AD Russell
980905,,Punjab Kings,Gujarat Lions,Gujarat Lions,AJ Finch
980907,,Royal Challengers Bengaluru,Sunrisers Hyderabad,Royal Challengers Bengaluru,AB de Villiers
980909,,Kolkata Knight Riders,Mumbai Indians,Mumbai Indians,RG Sharma
980911,,Rising Pune Supergiants,Gujarat Lions,Gujarat Lions,AJ Finch
980913,,Punjab Kings,Delhi Capitals,Delhi Capitals,A Mishra
980915,,Sunrisers Hyderabad,Kolkata Knight Riders,Kolkata Knight Riders,G Gambhir
980917,,Mumbai Indians,Gujarat Lions,Gujarat Lions,AJ Finch
980919,,Rising Pune Supergiants,Punjab Kings,Punjab Kings,M Vohra
980921,,Royal Challengers Bengaluru,Delhi Capitals,Delhi Capitals,Q de Kock
980923,,Mumbai Indians,Sunrisers Hyderabad,Sunrisers Hyderabad,DA Warner
980925,,Punjab Kings,Kolkata Knight Riders,Kolkata Knight Riders,RV Uthappa
980927,,Royal Challengers Bengaluru,Mumbai Indians,Mumbai Indians,RG Sharma
980929,,Gujarat Lions,Sunrisers Hyderabad,Sunrisers Hyderabad,B Kumar
980931,,Royal Challengers Bengaluru,Rising Pune Supergiants,Royal Challengers Bengaluru,AB de Villiers
980933,,Delhi Capitals,Mumbai Indians,Delhi Capitals,SV Samson
980935,,Punjab Kings,Sunrisers Hyderabad,Sunrisers Hyderabad,Mustafizur Rahman
980937,,Royal Challengers Bengaluru,Gujarat Lions,Gujarat Lions,V Kohli
980939,,Rising Pune Supergiants,Kolkata Knight Riders,Kolkata Knight Riders,SA Yadav
980941,,Mumbai Indians,Punjab Kings,Mumbai Indians,PA Patel
980943,,Sunrisers Hyderabad,Rising Pune Supergiants,Sunrisers Hyderabad,AB Dinda
980945,,Gujarat Lions,Delhi Capitals,Gujarat Lions,CH Morris
980947,,Kolkata Knight Riders,Mumbai Indians,Mumbai Indians,RG Sharma
980949,,Rising Pune Supergiants,Gujarat Lions,Gujarat Lions,DR Smith
980951,,Delhi Capitals,Kolkata Knight Riders,Delhi Capitals,CR Brathwaite
980953,,Sunrisers Hyderabad,Royal Challengers Bengaluru,Sunrisers Hyderabad,DA Warner
980955,,Punjab Kings,Gujarat Lions,Punjab Kings,AR Patel
980957,,Rising Pune Supergiants,Mumbai Indians,Mumbai Indians,RG Sharma
980959,,Royal Challengers Bengaluru,Kolkata Knight Riders,Kolkata Knight Riders,AD Russell
980961,,Gujarat Lions,Delhi Capitals,Delhi Capitals,RR Pant
980963,,Kolkata Knight Riders,Punjab Kings,Kolkata Knight Riders,AD Russell
980965,,Delhi Capitals,Rising Pune Supergiants,Rising Pune Supergiants,AM Rahane
980967,,Gujarat Lions,Sunrisers Hyderabad,Sunrisers Hyderabad,B Kumar
980969,,Rising Pune Supergiants,Royal Challengers Bengaluru,Royal Challengers Bengaluru,V Kohli
980971,,Punjab Kings,Delhi Capitals,Punjab Kings,MP Stoinis
980973,,Sunrisers Hyderabad,Mumbai Indians,Sunrisers Hyderabad,A Nehra
980975,,Kolkata Knight Riders,Gujarat Lions,Gujarat Lions,P Kumar
980977,,Royal Challengers Bengaluru,Punjab Kings,Royal Challengers Bengaluru,SR Watson
980979,,Sunrisers Hyderabad,Rising Pune Supergiants,Sunrisers Hyderabad,A Zampa
980981,,Royal Challengers Bengaluru,Mumbai Indians,Mumbai Indians,KH Pandya
980983,,Sunrisers Hyderabad,Delhi Capitals,Delhi Capitals,CH Morris
980985,,Mumbai Indians,Punjab Kings,Punjab Kings,MP Stoinis
980987,,Royal Challengers Bengaluru,Gujarat Lions,Royal Challengers Bengaluru,AB de Villiers
980989,,Rising Pune Supergiants,Kolkata Knight Riders,Rising Pune Supergiants,YK Pathan
980991,,Punjab Kings,Sunrisers Hyderabad,Sunrisers Hyderabad,HM Amla
980993,,Mumbai Indians,Delhi Capitals,Mumbai Indians,KH Pandya
980995,,Kolkata Knight Riders,Royal Challengers Bengaluru,Royal Challengers Bengaluru,V Kohli
980997,,Delhi Capitals,Rising Pune Supergiants,Delhi Capitals,AB Dinda
980999,,Royal Challengers Bengaluru,Punjab Kings,Royal Challengers Bengaluru,V Kohli
981001,,Kolkata Knight Riders,Gujarat Lions,Gujarat Lions,DR Smith
981003,,Sunrisers Hyderabad,Delhi Capitals,Delhi Capitals,KK Nair
981005,,Punjab Kings,Rising Pune Supergiants,Rising Pune Supergiants,MS Dhoni
981007,,Mumbai Indians,Gujarat Lions,Gujarat Lions,SK Raina
981009,,Kolkata Knight Riders,Sunrisers Hyderabad,Kolkata Knight Riders,YK Pathan
981011,,Delhi Capitals,Royal Challengers Bengaluru,Royal Challengers Bengaluru,V Kohli
981013,,Gujarat Lions,Royal Challengers Bengaluru,Royal Challengers Bengaluru,AB de Villiers
981015,,Sunrisers Hyderabad,Kolkata Knight Riders,Sunrisers Hyderabad,MC Henriques
981017,,Gujarat Lions,Sunrisers Hyderabad,Sunrisers Hyderabad,DA Warner
981019,,Sunrisers Hyderabad,Royal Challengers Bengaluru,Sunrisers Hyderabad,BCJ Cutting
1082591,,Sunrisers Hyderabad,Royal Challengers Bengaluru,Sunrisers Hyderabad,Yuvraj Singh
1082592,,Mumbai Indians,Rising Pune Supergiants,Rising Pune Supergiants,SPD Smith
1082593,,Gujarat Lions,Kolkata Knight Riders,Kolkata Knight Riders,CA Lynn
1082594,,Rising Pune Supergiants,Punjab Kings,Punjab Kings,GJ Maxwell
1082595,,Royal Challengers Bengaluru,Delhi Capitals,Royal Challengers Bengaluru,KM Jadhav
1082596,,Gujarat Lions,Sunrisers Hyderabad,Sunrisers Hyderabad,Rashid Khan
1082597,,Kolkata Knight Riders,Mumbai Indians,Mumbai Indians,N Rana
1082598,,Royal Challengers Bengaluru,Punjab Kings,Punjab Kings,AR Patel
1082599,,Delhi Capitals,Rising Pune Supergiants,Delhi Capitals,SV Samson
1082600,,Sunrisers Hyderabad,Mumbai Indians,Mumbai Indians,JJ Bumrah
1082601,,Punjab Kings,Kolkata Knight Riders,Kolkata Knight Riders,SP Narine
1082602,,Royal Challengers Bengaluru,Mumbai Indians,Mumbai Indians,KA Pollard
1082603,,Rising Pune Supergiants,Gujarat Lions,Gujarat Lions,AJ Tye
1082604,,Kolkata Knight Riders,Sunrisers Hyderabad,Kolkata Knight Riders,RV Uthappa
1082605,,Delhi Capitals,Punjab Kings,Delhi Capitals,CJ Anderson
1082606,,Gujarat Lions,Mumbai Indians,Mumbai Indians,N Rana
1082607,,Rising Pune Supergiants,Royal Challengers Bengaluru,Rising Pune Supergiants,BA Stokes
1082608,,Delhi Capitals,Kolkata Knight Riders,Kolkata Knight Riders,NM Coulter-Nile
1082609,,Sunrisers Hyderabad,Punjab Kings,Sunrisers Hyderabad,B Kumar
1082610,,Royal Challengers Bengaluru,Gujarat Lions,Royal Challengers Bengaluru,CH Gayle
1082611,,Sunrisers Hyderabad,Delhi Capitals,Sunrisers Hyderabad,KS Williamson
1082612,,Punjab Kings,Mumbai Indians,Mumbai Indians,JC Buttler
1082613,,Kolkata Knight Riders,Gujarat Lions,Gujarat Lions,SK Raina
1082614,,Mumbai Indians,Delhi Capitals,Mumbai Indians,MJ McClenaghan
1082615,,Sunrisers Hyderabad,Rising Pune Supergiants,Rising Pune Supergiants,MS Dhoni
1082616,,Punjab Kings,Gujarat Lions,Punjab Kings,HM Amla
1082617,,Kolkata Knight Riders,Royal Challengers Bengaluru,Kolkata Knight Riders,NM Coulter-Nile
1082618,,Rising Pune Supergiants,Mumbai Indians,Rising Pune Supergiants,BA Stokes
1082620,,Rising Pune Supergiants,Kolkata Knight Riders,Kolkata Knight Riders,RV Uthappa
1082621,,Royal Challengers Bengaluru,Gujarat Lions,Gujarat Lions,AJ Tye
1082622,,Delhi Capitals,Kolkata Knight Riders,Kolkata Knight Riders,G Gambhir
1082623,,Sunrisers Hyderabad,Punjab Kings,Sunrisers Hyderabad,Rashid Khan
1082624,,Rising Pune Supergiants,Royal Challengers Bengaluru,Rising Pune Supergiants,LH Ferguson
1082625,,Gujarat Lions,Mumbai Indians,Mumbai Indians,KH Pandya
1082626,,Delhi Capitals,Punjab Kings,Punjab Kings,Sandeep Sharma
1082627,,Sunrisers Hyderabad,Kolkata Knight Riders,Sunrisers Hyderabad,DA Warner
1082628,,Royal Challengers Bengaluru,Mumbai Indians,Mumbai Indians,RG Sharma
1082629,,Gujarat Lions,Rising Pune Supergiants,Rising Pune Supergiants,BA Stokes
1082630,,Sunrisers Hyderabad,Delhi Capitals,Delhi Capitals,Mohammed Shami
1082631,,Kolkata Knight Riders,Rising Pune Supergiants,Rising Pune Supergiants,RA Tripathi
1082632,,Gujarat Lions,Delhi Capitals,Delhi Capitals,RR Pant
1082633,,Punjab Kings,Royal Challengers Bengaluru,Punjab Kings,Sandeep Sharma
1082634,,Rising Pune Supergiants,Sunrisers Hyderabad,Rising Pune Supergiants,JD Unadkat
1082635,,Mumbai Indians,Delhi Capitals,Mumbai Indians,LMP Simmons
1082636,,Royal Challengers Bengaluru,Kolkata Knight Riders,Kolkata Knight Riders,SP Narine
1082637,,Punjab Kings,Gujarat Lions,Gujarat Lions,DR Smith
1082638,,Mumbai Indians,Sunrisers Hyderabad,Sunrisers Hyderabad,S Dhawan
1082639,,Punjab Kings,Kolkata Knight Riders,Punjab Kings,MM Sharma
1082640,,Gujarat Lions,Delhi Capitals,Delhi Capitals,SS Iyer
1082641,,Punjab Kings,Mumbai Indians,Punjab Kings,WP Saha
1082642,,Delhi Capitals,Rising Pune Supergiants,Delhi Capitals,KK Nair
1082643,,Gujarat Lions,Sunrisers Hyderabad,Sunrisers Hyderabad,Mohammed Siraj
1082644,,Mumbai Indians,Kolkata Knight Riders,Mumbai Indians,AT Rayudu
1082645,,Punjab Kings,Rising Pune Supergiants,Rising Pune Supergiants,JD Unadkat
1082646,,Royal Challengers Bengaluru,Delhi Capitals,Royal Challengers Bengaluru,HV Patel
1082647,,Rising Pune Supergiants,Mumbai Indians,Rising Pune Supergiants,Washington Sundar
1082648,,Sunrisers Hyderabad,Kolkata Knight Riders,Sunrisers Hyderabad,NM Coulter-Nile
1082649,,Kolkata Knight Riders,Mumbai Indians,Mumbai Indians,KV Sharma
1082650,,Mumbai Indians,Rising Pune Supergiants,Mumbai Indians,KH Pandya
1136561,,Mumbai Indians,Chennai Super Kings,Chennai Super Kings,DJ Bravo
1136562,,Delhi Capitals,Punjab Kings,Punjab Kings,KL Rahul
1136563,,Royal Challengers Bengaluru,Kolkata Knight Riders,Kolkata Knight Riders,SP Narine
1136564,,Rajasthan Royals,Sunrisers Hyderabad,Sunrisers Hyderabad,S Dhawan
1136565,,Kolkata Knight Riders,Chennai Super Kings,Chennai Super Kings,SW Billings
1136566,,Rajasthan Royals,Delhi Capitals,Rajasthan Royals,SV Samson
1136567,,Mumbai Indians,Sunrisers Hyderabad,Sunrisers Hyderabad,Rashid Khan
1136568,,Punjab Kings,Royal Challengers Bengaluru,Royal Challengers Bengaluru,UT Yadav
1136569,,Mumbai Indians,Delhi Capitals,Delhi Capitals,JJ Roy
1136570,,Kolkata Knight Riders,Sunrisers Hyderabad,Sunrisers Hyderabad,B Stanlake
1136571,,Rajasthan Royals,Royal Challengers Bengaluru,Rajasthan Royals,SV Samson
1136572,,Punjab Kings,Chennai Super Kings,Punjab Kings,CH Gayle
1136573,,Kolkata Knight Riders,Delhi Capitals,Kolkata Knight Riders,N Rana
1136574,,Mumbai Indians,Royal Challengers Bengaluru,Mumbai Indians,RG Sharma
1136575,,Rajasthan Royals,Kolkata Knight Riders,Kolkata Knight Riders,N Rana
1136576,,Punjab Kings,Sunrisers Hyderabad,Punjab Kings,CH Gayle
1136577,,Chennai Super Kings,Rajasthan Royals,Chennai Super Kings,SR Watson
1136578,,Kolkata Knight Riders,Punjab Kings,Kolkata Knight Riders,KL Rahul
1136579,,Delhi Capitals,Royal Challengers Bengaluru,Royal Challengers Bengaluru,AB de Villiers
1136580,,Chennai Super Kings,Sunrisers Hyderabad,Chennai Super Kings,AT Rayudu
1136581,,Mumbai Indians,Rajasthan Royals,Rajasthan Royals,JC Archer
1136582,,Punjab Kings,Delhi Capitals,Punjab Kings,AS Rajpoot
1136583,,Sunrisers Hyderabad,Mumbai Indians,Sunrisers Hyderabad,Rashid Khan
1136584,,Royal Challengers Bengaluru,Chennai Super Kings,Chennai Super Kings,MS Dhoni
1136585,,Sunrisers Hyderabad,Punjab Kings,Sunrisers Hyderabad,AS Rajpoot
1136586,,Delhi Capitals,Kolkata Knight Riders,Delhi Capitals,SS Iyer
1136587,,Chennai Super Kings,Mumbai Indians,Mumbai Indians,RG Sharma
1136588,,Sunrisers Hyderabad,Rajasthan Royals,Sunrisers Hyderabad,KS Williamson
1136589,,Royal Challengers Bengaluru,Kolkata Knight Riders,Kolkata Knight Riders,CA Lynn
1136590,,Chennai Super Kings,Delhi Capitals,Chennai Super Kings,SR Watson
1136591,,Royal Challengers Bengaluru,Mumbai Indians,Royal Challengers Bengaluru,TG Southee
1136592,,Delhi Capitals,Rajasthan Royals,Delhi Capitals,RR Pant
1136593,,Chennai Super Kings,Kolkata Knight Riders,Kolkata Knight Riders,SP Narine
1136594,,Punjab Kings,Mumbai Indians,Mumbai Indians,SA Yadav
1136595,,Royal Challengers Bengaluru,Chennai Super Kings,Chennai Super Kings,RA Jadeja
1136596,,Delhi Capitals,Sunrisers Hyderabad,Sunrisers Hyderabad,Rashid Khan
1136597,,Mumbai Indians,Kolkata Knight Riders,Mumbai Indians,HH Pandya
1136598,,Rajasthan Royals,Punjab Kings,Punjab Kings,Mujeeb Ur Rahman
1136599,,Sunrisers Hyderabad,Royal Challengers Bengaluru,Sunrisers Hyderabad,KS Williamson
1136600,,Rajasthan Royals,Punjab Kings,Rajasthan Royals,JC Buttler
1136601,,Mumbai Indians,Kolkata Knight Riders,Mumbai Indians,Ishan Kishan
1136602,,Delhi Capitals,Sunrisers Hyderabad,Sunrisers Hyderabad,S Dhawan
1136603,,Chennai Super Kings,Rajasthan Royals,Rajasthan Royals,JC Buttler
1136604,,Kolkata Knight Riders,Punjab Kings,Kolkata Knight Riders,SP Narine
1136605,,Delhi Capitals,Royal Challengers Bengaluru,Royal Challengers Bengaluru,AB de Villiers
1136606,,Sunrisers Hyderabad,Chennai Super Kings,Chennai Super Kings,AT Rayudu
1136607,,Mumbai Indians,Rajasthan Royals,Rajasthan Royals,JC Buttler
1136608,,Punjab Kings,Royal Challengers Bengaluru,Royal Challengers Bengaluru,UT Yadav
1136609,,Rajasthan Royals,Kolkata Knight Riders,Kolkata Knight Riders,Kuldeep Yadav
1136610,,Mumbai Indians,Punjab Kings,Mumbai Indians,JJ Bumrah
1136611,,Royal Challengers Bengaluru,Sunrisers Hyderabad,Royal Challengers Bengaluru,AB de Villiers
1136612,,Delhi Capitals,Chennai Super Kings,Delhi Capitals,HV Patel
1136613,,Rajasthan Royals,Royal Challengers Bengaluru,Rajasthan Royals,S Gopal
1136614,,Sunrisers Hyderabad,Kolkata Knight Riders,Kolkata Knight Riders,CA Lynn
1136615,,Delhi Capitals,Mumbai Indians,Delhi Capitals,A Mishra
1136616,,Punjab Kings,Chennai Super Kings,Chennai Super Kings,L Ngidi
1136617,,Sunrisers Hyderabad,Chennai Super Kings,Chennai Super Kings,F du Plessis
1136618,,Kolkata Knight Riders,Rajasthan Royals,Kolkata Knight Riders,AD Russell
1136619,,Sunrisers Hyderabad,Kolkata Knight Riders,Sunrisers Hyderabad,Rashid Khan
1136620,,Sunrisers Hyderabad,Chennai Super Kings,Chennai Super Kings,SR Watson
1175356,,Royal Challengers Bengaluru,Chennai Super Kings,Chennai Super Kings,Harbhajan Singh
1175357,,Sunrisers Hyderabad,Kolkata Knight Riders,Kolkata Knight Riders,AD Russell
1175358,,Delhi Capitals,Mumbai Indians,Delhi Capitals,RR Pant
1175359,,Punjab Kings,Rajasthan Royals,Punjab Kings,CH Gayle
1175360,,Delhi Capitals,Chennai Super Kings,Chennai Super Kings,SR Watson
1175361,,Kolkata Knight Riders,Punjab Kings,Kolkata Knight Riders,AD Russell
1175362,,Mumbai Indians,Royal Challengers Bengaluru,Mumbai Indians,JJ Bumrah
1175363,,Rajasthan Royals,Sunrisers Hyderabad,Sunrisers Hyderabad,Rashid Khan
1175364,,Mumbai Indians,Punjab Kings,Punjab Kings,MA Agarwal
1175365,,Kolkata Knight Riders,Delhi Capitals,Delhi Capitals,PP Shaw
1175366,,Sunrisers Hyderabad,Royal Challengers Bengaluru,Sunrisers Hyderabad,JM Bairstow
1175367,,Chennai Super Kings,Rajasthan Royals,Chennai Super Kings,MS Dhoni
1175368,,Punjab Kings,Delhi Capitals,Punjab Kings,SM Curran
1175369,,Royal Challengers Bengaluru,Rajasthan Royals,Rajasthan Royals,S Gopal
1175370,,Mumbai Indians,Chennai Super Kings,Mumbai Indians,HH Pandya
1175371,,Delhi Capitals,Sunrisers Hyderabad,Sunrisers Hyderabad,JM Bairstow
1175372,,Royal Challengers Bengaluru,Kolkata Knight Riders,Kolkata Knight Riders,AD Russell
1178393,,Chennai Super Kings,Punjab Kings,Chennai Super Kings,Harbhajan Singh
1178394,,Mumbai Indians,Sunrisers Hyderabad,Mumbai Indians,AS Joseph
1178395,,Royal Challengers Bengaluru,Delhi Capitals,Delhi Capitals,K Rabada
1178396,,Rajasthan Royals,Kolkata Knight Riders,Kolkata Knight Riders,HF Gurney
1178397,,Sunrisers Hyderabad,Punjab Kings,Punjab Kings,KL Rahul
1178398,,Kolkata Knight Riders,Chennai Super Kings,Chennai Super Kings,DL Chahar
1178399,,Punjab Kings,Mumbai Indians,Mumbai Indians,KA Pollard
1178400,,Rajasthan Royals,Chennai Super Kings,Chennai Super Kings,MS Dhoni
1178401,,Kolkata Knight Riders,Delhi Capitals,Delhi Capitals,S Dhawan
1178402,,Mumbai Indians,Rajasthan Royals,Rajasthan Royals,JC Buttler
1178403,,Punjab Kings,Royal Challengers Bengaluru,Royal Challengers Bengaluru,AB de Villiers
1178404,,Kolkata Knight Riders,Chennai Super Kings,Chennai Super Kings,Imran Tahir
1178405,,Delhi Capitals,Sunrisers Hyderabad,Delhi Capitals,KMA Paul
1178406,,Royal Challengers Bengaluru,Mumbai Indians,Mumbai Indians,SL Malinga
1178407,,Punjab Kings,Rajasthan Royals,Punjab Kings,R Ashwin
1178408,,Chennai Super Kings,Sunrisers Hyderabad,Sunrisers Hyderabad,DA Warner
1178409,,Mumbai Indians,Delhi Capitals,Mumbai Indians,HH Pandya
1178410,,Royal Challengers Bengaluru,Kolkata Knight Riders,Royal Challengers Bengaluru,V Kohli
1178411,,Mumbai Indians,Rajasthan Royals,Rajasthan Royals,SPD Smith
1178412,,Punjab Kings,Delhi Capitals,Delhi Capitals,SS Iyer
1178413,,Kolkata Knight Riders,Sunrisers Hyderabad,Sunrisers Hyderabad,KK Ahmed
1178414,,Royal Challengers Bengaluru,Chennai Super Kings,Royal Challengers Bengaluru,PA Patel
1178415,,Rajasthan Royals,Delhi Capitals,Delhi Capitals,RR Pant
1178416,,Sunrisers Hyderabad,Chennai Super Kings,Chennai Super Kings,SR Watson
1178417,,Royal Challengers Bengaluru,Punjab Kings,Royal Challengers Bengaluru,AB de Villiers
1178418,,Kolkata Knight Riders,Rajasthan Royals,Rajasthan Royals,VR Aaron
1178419,,Mumbai Indians,Chennai Super Kings,Mumbai Indians,RG Sharma
1178420,,Sunrisers Hyderabad,Rajasthan Royals,Rajasthan Royals,JD Unadkat
1178421,,Delhi Capitals,Royal Challengers Bengaluru,Delhi Capitals,S Dhawan
1178422,,Kolkata Knight Riders,Mumbai Indians,Kolkata Knight Riders,AD Russell
1178423,,Sunrisers Hyderabad,Punjab Kings,Sunrisers Hyderabad,DA Warner
1178424,,Royal Challengers Bengaluru,Rajasthan Royals,Royal Challengers Bengaluru,Unknown
1178425,,Chennai Super Kings,Delhi Capitals,Chennai Super Kings,MS Dhoni
1178426,,Mumbai Indians,Sunrisers Hyderabad,Mumbai Indians,JJ Bumrah
1178427,,Punjab Kings,Kolkata Knight Riders,Kolkata Knight Riders,Shubman Gill
1178428,,Rajasthan Royals,Delhi Capitals,Delhi Capitals,A Mishra
1178429,,Sunrisers Hyderabad,Royal Challengers Bengaluru,Royal Challengers Bengaluru,SO Hetmyer
1178430,,Chennai Super Kings,Punjab Kings,Punjab Kings,KL Rahul
1178431,,Kolkata Knight Riders,Mumbai Indians,Mumbai Indians,HH Pandya
1181764,,Chennai Super Kings,Mumbai Indians,Mumbai Indians,SA Yadav
1181766,,Sunrisers Hyderabad,Delhi Capitals,Delhi Capitals,RR Pant
1181767,,Delhi Capitals,Chennai Super Kings,Chennai Super Kings,F du Plessis
1181768,,Mumbai Indians,Chennai Super Kings,Mumbai Indians,JJ Bumrah
1216492,,Mumbai Indians,Chennai Super Kings,Chennai Super Kings,AT Rayudu
1216493,,Delhi Capitals,Punjab Kings,Delhi Capitals,MP Stoinis
1216494,,Kolkata Knight Riders,Royal Challengers Bengaluru,Royal Challengers Bengaluru,Mohammed Siraj
1216495,,Mumbai Indians,Sunrisers Hyderabad,Sunrisers Hyderabad,S Nadeem
1216496,,Rajasthan Royals,Chennai Super Kings,Rajasthan Royals,SV Samson
1216497,,Kolkata Knight Riders,Delhi Capitals,Kolkata Knight Riders,CV Varun
1216498,,Punjab Kings,Sunrisers Hyderabad,Punjab Kings,CJ Jordan
1216499,,Royal Challengers Bengaluru,Mumbai Indians,Mumbai Indians,SA Yadav
1216500,,Delhi Capitals,Rajasthan Royals,Delhi Capitals,R Ashwin
1216501,,Kolkata Knight Riders,Chennai Super Kings,Kolkata Knight Riders,RA Tripathi
1216502,,Royal Challengers Bengaluru,Sunrisers Hyderabad,Sunrisers Hyderabad,Sandeep Sharma
1216503,,Mumbai Indians,Punjab Kings,Mumbai Indians,KA Pollard
1216504,,Kolkata Knight Riders,Rajasthan Royals,Kolkata Knight Riders,Shivam Mavi
1216505,,Royal Challengers Bengaluru,Delhi Capitals,Delhi Capitals,A Nortje
1216506,,Punjab Kings,Chennai Super Kings,Chennai Super Kings,RD Gaikwad
1216507,,Sunrisers Hyderabad,Rajasthan Royals,Rajasthan Royals,R Tewatia
1216508,,Mumbai Indians,Kolkata Knight Riders,Mumbai Indians,RG Sharma
1216509,,Chennai Super Kings,Delhi Capitals,Delhi Capitals,S Dhawan
1216510,,Punjab Kings,Royal Challengers Bengaluru,Punjab Kings,KL Rahul
1216511,,Mumbai Indians,Rajasthan Royals,Mumbai Indians,SA Yadav
1216512,,Kolkata Knight Riders,Sunrisers Hyderabad,Kolkata Knight Riders,LH Ferguson
1216513,,Punjab Kings,Chennai Super Kings,Chennai Super Kings,SR Watson
1216514,,Rajasthan Royals,Royal Challengers Bengaluru,Royal Challengers Bengaluru,YS Chahal
1216515,,Delhi Capitals,Kolkata Knight Riders,Delhi Capitals,SS Iyer
1216516,,Sunrisers Hyderabad,Chennai Super Kings,Sunrisers Hyderabad,PK Garg
1216517,,Mumbai Indians,Punjab Kings,Punjab Kings,KL Rahul
1216518,,Rajasthan Royals,Sunrisers Hyderabad,Sunrisers Hyderabad,MK Pandey
1216519,,Delhi Capitals,Royal Challengers Bengaluru,Delhi Capitals,AR Patel
1216520,,Kolkata Knight Riders,Punjab Kings,Punjab Kings,CH Gayle
1216521,,Chennai Super Kings,Mumbai Indians,Mumbai Indians,TA Boult
1216522,,Rajasthan Royals,Royal Challengers Bengaluru,Royal Challengers Bengaluru,AB de Villiers
1216523,,Kolkata Knight Riders,Punjab Kings,Kolkata Knight Riders,KD Karthik
1216524,,Sunrisers Hyderabad,Delhi Capitals,Sunrisers Hyderabad,WP Saha
1216525,,Royal Challengers Bengaluru,Chennai Super Kings,Royal Challengers Bengaluru,V Kohli
1216526,,Kolkata Knight Riders,Mumbai Indians,Mumbai Indians,Q de Kock
1216527,,Punjab Kings,Rajasthan Royals,Rajasthan Royals,SV Samson
1216528,,Chennai Super Kings,Sunrisers Hyderabad,Chennai Super Kings,RA Jadeja
1216529,,Delhi Capitals,Mumbai Indians,Mumbai Indians,Q de Kock
1216530,,Kolkata Knight Riders,Rajasthan Royals,Kolkata Knight Riders,PJ Cummins
1216531,,Royal Challengers Bengaluru,Punjab Kings,Punjab Kings,KL Rahul
1216532,,Sunrisers Hyderabad,Delhi Capitals,Sunrisers Hyderabad,Rashid Khan
1216533,,Chennai Super Kings,Rajasthan Royals,Rajasthan Royals,JC Buttler
1216534,,Royal Challengers Bengaluru,Sunrisers Hyderabad,Royal Challengers Bengaluru,YS Chahal
1216535,,Delhi Capitals,Mumbai Indians,Mumbai Indians,Ishan Kishan
1216536,,Kolkata Knight Riders,Chennai Super Kings,Chennai Super Kings,RD Gaikwad
1216537,,Punjab Kings,Rajasthan Royals,Rajasthan Royals,BA Stokes
1216538,,Mumbai Indians,Sunrisers Hyderabad,Mumbai Indians,TA Boult
1216539,,Delhi Capitals,Chennai Super Kings,Delhi Capitals,PP Shaw
1216540,,Royal Challengers Bengaluru,Kolkata Knight Riders,Royal Challengers Bengaluru,AB de Villiers
1216541,,Mumbai Indians,Rajasthan Royals,Rajasthan Royals,BA Stokes
1216542,,Sunrisers Hyderabad,Punjab Kings,Sunrisers Hyderabad,JM Bairstow
1216543,,Delhi Capitals,Rajasthan Royals,Delhi Capitals,A Nortje
1216544,,Royal Challengers Bengaluru,Chennai Super Kings,Chennai Super Kings,RD Gaikwad
1216545,,Sunrisers Hyderabad,Kolkata Knight Riders,Kolkata Knight Riders,Shubman Gill
1216546,,Delhi Capitals,Punjab Kings,Punjab Kings,S Dhawan
1216547,,Royal Challengers Bengaluru,Mumbai Indians,Royal Challengers Bengaluru,AB de Villiers
1237177,,Mumbai Indians,Delhi Capitals,Mumbai Indians,JJ Bumrah
1237178,,Royal Challengers Bengaluru,Sunrisers Hyderabad,Sunrisers Hyderabad,KS Williamson
1237180,,Delhi Capitals,Sunrisers Hyderabad,Delhi Capitals,MP Stoinis
1237181,,Delhi Capitals,Mumbai Indians,Mumbai Indians,TA Boult
1254058,,Mumbai Indians,Royal Challengers Bengaluru,Royal Challengers Bengaluru,HV Patel
1254059,,Chennai Super Kings,Delhi Capitals,Delhi Capitals,S Dhawan
1254060,,Kolkata Knight Riders,Sunrisers Hyderabad,Kolkata Knight Riders,N Rana
1254061,,Punjab Kings,Rajasthan Royals,Punjab Kings,SV Samson
1254062,,Mumbai Indians,Kolkata Knight Riders,Mumbai Indians,RD Chahar
1254063,,Royal Challengers Bengaluru,Sunrisers Hyderabad,Royal Challengers Bengaluru,GJ Maxwell
1254064,,Delhi Capitals,Rajasthan Royals,Rajasthan Royals,JD Unadkat
1254065,,Punjab Kings,Chennai Super Kings,Chennai Super Kings,DL Chahar
1254066,,Mumbai Indians,Sunrisers Hyderabad,Mumbai Indians,KA Pollard
1254067,,Royal Challengers Bengaluru,Kolkata Knight Riders,Royal Challengers Bengaluru,AB de Villiers
1254068,,Punjab Kings,Delhi Capitals,Delhi Capitals,S Dhawan
1254069,,Chennai Super Kings,Rajasthan Royals,Chennai Super Kings,MM Ali
1254070,,Mumbai Indians,Delhi Capitals,Delhi Capitals,A Mishra
1254071,,Punjab Kings,Sunrisers Hyderabad,Sunrisers Hyderabad,JM Bairstow
1254072,,Chennai Super Kings,Kolkata Knight Riders,Chennai Super Kings,F du Plessis
1254073,,Rajasthan Royals,Royal Challengers Bengaluru,Royal Challengers Bengaluru,D Padikkal
1254074,,Mumbai Indians,Punjab Kings,Punjab Kings,KL Rahul
1254075,,Kolkata Knight Riders,Rajasthan Royals,Rajasthan Royals,CH Morris
1254076,,Chennai Super Kings,Royal Challengers Bengaluru,Chennai Super Kings,RA Jadeja
1254077,,Delhi Capitals,Sunrisers Hyderabad,Delhi Capitals,PP Shaw
1254078,,Punjab Kings,Kolkata Knight Riders,Kolkata Knight Riders,EJG Morgan
1254079,,Royal Challengers Bengaluru,Delhi Capitals,Royal Challengers Bengaluru,AB de Villiers
1254080,,Sunrisers Hyderabad,Chennai Super Kings,Chennai Super Kings,RD Gaikwad
1254081,,Rajasthan Royals,Mumbai Indians,Mumbai Indians,Q de Kock
1254082,,Kolkata Knight Riders,Delhi Capitals,Delhi Capitals,PP Shaw
1254083,,Punjab Kings,Royal Challengers Bengaluru,Punjab Kings,Harpreet Brar
1254084,,Chennai Super Kings,Mumbai Indians,Mumbai Indians,KA Pollard
1254085,,Rajasthan Royals,Sunrisers Hyderabad,Rajasthan Royals,JC Buttler
1254086,,Punjab Kings,Delhi Capitals,Delhi Capitals,MA Agarwal
1254087,,Royal Challengers Bengaluru,Kolkata Knight Riders,Kolkata Knight Riders,CV Varun
1254088,,Mumbai Indians,Sunrisers Hyderabad,Mumbai Indians,Ishan Kishan
1254089,,Chennai Super Kings,Rajasthan Royals,Rajasthan Royals,RD Gaikwad
1254090,,Royal Challengers Bengaluru,Punjab Kings,Royal Challengers Bengaluru,GJ Maxwell
1254091,,Sunrisers Hyderabad,Chennai Super Kings,Chennai Super Kings,JR Hazlewood
1254092,,Delhi Capitals,Kolkata Knight Riders,Kolkata Knight Riders,SP Narine
1254093,,Rajasthan Royals,Mumbai Indians,Mumbai Indians,NM Coulter-Nile
1254094,,Chennai Super Kings,Punjab Kings,Punjab Kings,KL Rahul
1254095,,Sunrisers Hyderabad,Royal Challengers Bengaluru,Sunrisers Hyderabad,KS Williamson
1254096,,Mumbai Indians,Kolkata Knight Riders,Kolkata Knight Riders,SP Narine
1254097,,Delhi Capitals,Rajasthan Royals,Delhi Capitals,SS Iyer
1254098,,Kolkata Knight Riders,Chennai Super Kings,Chennai Super Kings,RA Jadeja
1254099,,Punjab Kings,Mumbai Indians,Mumbai Indians,KA Pollard
1254100,,Rajasthan Royals,Sunrisers Hyderabad,Sunrisers Hyderabad,JJ Roy
1254101,,Delhi Capitals,Royal Challengers Bengaluru,Royal Challengers Bengaluru,KS Bharat
1254102,,Kolkata Knight Riders,Punjab Kings,Punjab Kings,KL Rahul
1254103,,Rajasthan Royals,Royal Challengers Bengaluru,Royal Challengers Bengaluru,YS Chahal
1254104,,Chennai Super Kings,Mumbai Indians,Chennai Super Kings,RD Gaikwad
1254105,,Sunrisers Hyderabad,Delhi Capitals,Delhi Capitals,A Nortje
1254106,,Kolkata Knight Riders,Rajasthan Royals,Kolkata Knight Riders,Shivam Mavi
1254107,,Punjab Kings,Sunrisers Hyderabad,Punjab Kings,JO Holder
1254108,,Royal Challengers Bengaluru,Mumbai Indians,Royal Challengers Bengaluru,GJ Maxwell
1254109,,Sunrisers Hyderabad,Kolkata Knight Riders,Kolkata Knight Riders,Shubman Gill
1254110,,Chennai Super Kings,Delhi Capitals,Delhi Capitals,AR Patel
1254111,,Rajasthan Royals,Punjab Kings,Rajasthan Royals,Kartik Tyagi
1254112,,Mumbai Indians,Delhi Capitals,Delhi Capitals,AR Patel
1254113,,Royal Challengers Bengaluru,Chennai Super Kings,Chennai Super Kings,DJ Bravo
1254114,,Delhi Capitals,Chennai Super Kings,Chennai Super Kings,RD Gaikwad
1254115,,Royal Challengers Bengaluru,Kolkata Knight Riders,Kolkata Knight Riders,SP Narine
1254116,,Delhi Capitals,Kolkata Knight Riders,Kolkata Knight Riders,VR Iyer
1254117,,Chennai Super Kings,Kolkata Knight Riders,Chennai Super Kings,F du Plessis
1304047,,Chennai Super Kings,Kolkata Knight Riders,Kolkata Knight Riders,UT Yadav
1304048,,Mumbai Indians,Delhi Capitals,Delhi Capitals,Kuldeep Yadav
1304049,,Royal Challengers Bengaluru,Punjab Kings,Punjab Kings,OF Smith
1304050,,Lucknow Super Giants,Gujarat Titans,Gujarat Titans,Mohammed Shami
1304051,,Rajasthan Royals,Sunrisers Hyderabad,Rajasthan Royals,SV Samson
1304052,,Kolkata Knight Riders,Royal Challengers Bengaluru,Royal Challengers Bengaluru,PWH de Silva
1304053,,Chennai Super Kings,Lucknow Super Giants,Lucknow Super Giants,E Lewis
1304054,,Punjab Kings,Kolkata Knight Riders,Kolkata Knight Riders,UT Yadav
1304055,,Rajasthan Royals,Mumbai Indians,Rajasthan Royals,JC Buttler
1304056,,Gujarat Titans,Delhi Capitals,Gujarat Titans,LH Ferguson
1304057,,Punjab Kings,Chennai Super Kings,Punjab Kings,LS Livingstone
1304058,,Lucknow Super Giants,Sunrisers Hyderabad,Lucknow Super Giants,Avesh Khan
1304059,,Rajasthan Royals,Royal Challengers Bengaluru,Royal Challengers Bengaluru,KD Karthik
1304060,,Mumbai Indians,Kolkata Knight Riders,Kolkata Knight Riders,PJ Cummins
1304061,,Delhi Capitals,Lucknow Super Giants,Lucknow Super Giants,Q de Kock
1304062,,Punjab Kings,Gujarat Titans,Gujarat Titans,Shubman Gill
1304063,,Chennai Super Kings,Sunrisers Hyderabad,Sunrisers Hyderabad,Abhishek Sharma
1304064,,Mumbai Indians,Royal Challengers Bengaluru,Royal Challengers Bengaluru,Anuj Rawat
1304065,,Delhi Capitals,Kolkata Knight Riders,Delhi Capitals,Kuldeep Yadav
1304066,,Rajasthan Royals,Lucknow Super Giants,Rajasthan Royals,YS Chahal
1304067,,Gujarat Titans,Sunrisers Hyderabad,Sunrisers Hyderabad,KS Williamson
1304068,,Chennai Super Kings,Royal Challengers Bengaluru,Chennai Super Kings,S Dube
1304069,,Punjab Kings,Mumbai Indians,Punjab Kings,MA Agarwal
1304070,,Gujarat Titans,Rajasthan Royals,Gujarat Titans,HH Pandya
1304071,,Kolkata Knight Riders,Sunrisers Hyderabad,Sunrisers Hyderabad,RA Tripathi
1304072,,Lucknow Super Giants,Mumbai Indians,Lucknow Super Giants,KL Rahul
1304073,,Royal Challengers Bengaluru,Delhi Capitals,Royal Challengers Bengaluru,KD Karthik
1304074,,Punjab Kings,Sunrisers Hyderabad,Sunrisers Hyderabad,Umran Malik
1304075,,Chennai Super Kings,Gujarat Titans,Gujarat Titans,DA Miller
1304076,,Rajasthan Royals,Kolkata Knight Riders,Rajasthan Royals,YS Chahal
1304077,,Royal Challengers Bengaluru,Lucknow Super Giants,Royal Challengers Bengaluru,F du Plessis
1304078,,Punjab Kings,Delhi Capitals,Delhi Capitals,Kuldeep Yadav
1304079,,Mumbai Indians,Chennai Super Kings,Chennai Super Kings,Mukesh Choudhary
1304080,,Rajasthan Royals,Delhi Capitals,Rajasthan Royals,JC Buttler
1304081,,Gujarat Titans,Kolkata Knight Riders,Gujarat Titans,Rashid Khan
1304082,,Royal Challengers Bengaluru,Sunrisers Hyderabad,Sunrisers Hyderabad,M Jansen
1304083,,Lucknow Super Giants,Mumbai Indians,Lucknow Super Giants,KL Rahul
1304084,,Punjab Kings,Chennai Super Kings,Punjab Kings,S Dhawan
1304085,,Rajasthan Royals,Royal Challengers Bengaluru,Rajasthan Royals,R Parag
1304086,,Sunrisers Hyderabad,Gujarat Titans,Gujarat Titans,Umran Malik
1304087,,Kolkata Knight Riders,Delhi Capitals,Delhi Capitals,Kuldeep Yadav
1304088,,Lucknow Super Giants,Punjab Kings,Lucknow Super Giants,KH Pandya
1304089,,Royal Challengers Bengaluru,Gujarat Titans,Gujarat Titans,R Tewatia
1304090,,Rajasthan Royals,Mumbai Indians,Mumbai Indians,SA Yadav
1304091,,Lucknow Super Giants,Delhi Capitals,Lucknow Super Giants,Mohsin Khan
1304092,,Chennai Super Kings,Sunrisers Hyderabad,Chennai Super Kings,RD Gaikwad
1304093,,Rajasthan Royals,Kolkata Knight Riders,Kolkata Knight Riders,RK Singh
1304094,,Gujarat Titans,Punjab Kings,Punjab Kings,K Rabada
1304095,,Royal Challengers Bengaluru,Chennai Super Kings,Royal Challengers Bengaluru,HV Patel
1304096,,Delhi Capitals,Sunrisers Hyderabad,Delhi Capitals,DA Warner
1304097,,Mumbai Indians,Gujarat Titans,Mumbai Indians,TH David
1304098,,Punjab Kings,Rajasthan Royals,Rajasthan Royals,YBK Jaiswal
1304099,,Lucknow Super Giants,Kolkata Knight Riders,Lucknow Super Giants,Avesh Khan
1304100,,Royal Challengers Bengaluru,Sunrisers Hyderabad,Royal Challengers Bengaluru,PWH de Silva
1304101,,Chennai Super Kings,Delhi Capitals,Chennai Super Kings,DP Conway
1304102,,Kolkata Knight Riders,Mumbai Indians,Kolkata Knight Riders,JJ Bumrah
1304103,,Gujarat Titans,Lucknow Super Giants,Gujarat Titans,Shubman Gill
1304104,,Rajasthan Royals,Delhi Capitals,Delhi Capitals,MR Marsh
1304105,,Chennai Super Kings,Mumbai Indians,Mumbai Indians,DR Sams
1304106,,Punjab Kings,Royal Challengers Bengaluru,Punjab Kings,JM Bairstow
1304107,,Kolkata Knight Riders,Sunrisers Hyderabad,Kolkata Knight Riders,AD Russell
1304108,,Chennai Super Kings,Gujarat Titans,Gujarat Titans,WP Saha
1304109,,Rajasthan Royals,Lucknow Super Giants,Rajasthan Royals,TA Boult
1304110,,Delhi Capitals,Punjab Kings,Delhi Capitals,SN Thakur
1304111,,Sunrisers Hyderabad,Mumbai Indians,Sunrisers Hyderabad,RA Tripathi
1304112,,Lucknow Super Giants,Kolkata Knight Riders,Lucknow Super Giants,Q de Kock
1304113,,Gujarat Titans,Royal Challengers Bengaluru,Royal Challengers Bengaluru,V Kohli
1304114,,Chennai Super Kings,Rajasthan Royals,Rajasthan Royals,R Ashwin
1304115,,Delhi Capitals,Mumbai Indians,Mumbai Indians,JJ Bumrah
1304116,,Sunrisers Hyderabad,Punjab Kings,Punjab Kings,Harpreet Brar
1312197,,Rajasthan Royals,Gujarat Titans,Gujarat Titans,DA Miller
1312198,,Royal Challengers Bengaluru,Lucknow Super Giants,Royal Challengers Bengaluru,RM Patidar
1312199,,Royal Challengers Bengaluru,Rajasthan Royals,Rajasthan Royals,JC Buttler
1312200,,Rajasthan Royals,Gujarat Titans,Gujarat Titans,HH Pandya
1359475,,Chennai Super Kings,Gujarat Titans,Gujarat Titans,Rashid Khan
1359476,,Punjab Kings,Kolkata Knight Riders,Punjab Kings,Arshdeep Singh
1359477,,Lucknow Super Giants,Delhi Capitals,Lucknow Super Giants,MA Wood
1359478,,Rajasthan Royals,Sunrisers Hyderabad,Rajasthan Royals,JC Buttler
1359479,,Mumbai Indians,Royal Challengers Bengaluru,Royal Challengers Bengaluru,F du Plessis
1359480,,Chennai Super Kings,Lucknow Super Giants,Chennai Super Kings,MM Ali
1359481,,Delhi Capitals,Gujarat Titans,Gujarat Titans,B Sai Sudharsan
1359482,,Punjab Kings,Rajasthan Royals,Punjab Kings,NT Ellis
1359483,,Kolkata Knight Riders,Royal Challengers Bengaluru,Kolkata Knight Riders,SN Thakur
1359484,,Sunrisers Hyderabad,Lucknow Super Giants,Lucknow Super Giants,KH Pandya
1359485,,Rajasthan Royals,Delhi Capitals,Rajasthan Royals,YBK Jaiswal
1359486,,Mumbai Indians,Chennai Super Kings,Chennai Super Kings,RA Jadeja
1359487,,Gujarat Titans,Kolkata Knight Riders,Kolkata Knight Riders,RK Singh
1359488,,Punjab Kings,Sunrisers Hyderabad,Sunrisers Hyderabad,S Dhawan
1359489,,Royal Challengers Bengaluru,Lucknow Super Giants,Lucknow Super Giants,N Pooran
1359490,,Delhi Capitals,Mumbai Indians,Mumbai Indians,RG Sharma
1359491,,Rajasthan Royals,Chennai Super Kings,Rajasthan Royals,R Ashwin
1359492,,Punjab Kings,Gujarat Titans,Gujarat Titans,MM Sharma
1359493,,Sunrisers Hyderabad,Kolkata Knight Riders,Sunrisers Hyderabad,HC Brook
1359494,,Royal Challengers Bengaluru,Delhi Capitals,Royal Challengers Bengaluru,V Kohli
1359495,,Lucknow Super Giants,Punjab Kings,Punjab Kings,Sikandar Raza
1359496,,Kolkata Knight Riders,Mumbai Indians,Mumbai Indians,VR Iyer
1359497,,Gujarat Titans,Rajasthan Royals,Rajasthan Royals,SO Hetmyer
1359498,,Chennai Super Kings,Royal Challengers Bengaluru,Chennai Super Kings,DP Conway
1359499,,Mumbai Indians,Sunrisers Hyderabad,Mumbai Indians,C Green
1359500,,Lucknow Super Giants,Rajasthan Royals,Lucknow Super Giants,MP Stoinis
1359501,,Royal Challengers Bengaluru,Punjab Kings,Royal Challengers Bengaluru,Mohammed Siraj
1359502,,Kolkata Knight Riders,Delhi Capitals,Delhi Capitals,I Sharma
1359503,,Sunrisers Hyderabad,Chennai Super Kings,Chennai Super Kings,RA Jadeja
1359504,,Gujarat Titans,Lucknow Super Giants,Gujarat Titans,MM Sharma
1359505,,Punjab Kings,Mumbai Indians,Punjab Kings,SM Curran
1359506,,Royal Challengers Bengaluru,Rajasthan Royals,Royal Challengers Bengaluru,GJ Maxwell
1359507,,Chennai Super Kings,Kolkata Knight Riders,Chennai Super Kings,AM Rahane
1359508,,Delhi Capitals,Sunrisers Hyderabad,Delhi Capitals,AR Patel
1359509,,Gujarat Titans,Mumbai Indians,Gujarat Titans,A Manohar
1359510,,Kolkata Knight Riders,Royal Challengers Bengaluru,Kolkata Knight Riders,CV Varun
1359511,,Rajasthan Royals,Chennai Super Kings,Rajasthan Royals,YBK Jaiswal
1359512,,Lucknow Super Giants,Punjab Kings,Lucknow Super Giants,MP Stoinis
1359513,,Kolkata Knight Riders,Gujarat Titans,Gujarat Titans,J Little
1359514,,Sunrisers Hyderabad,Delhi Capitals,Sunrisers Hyderabad,MR Marsh
1359515,,Chennai Super Kings,Punjab Kings,Punjab Kings,DP Conway
1359516,,Rajasthan Royals,Mumbai Indians,Mumbai Indians,YBK Jaiswal
1359517,,Royal Challengers Bengaluru,Lucknow Super Giants,Royal Challengers Bengaluru,F du Plessis
1359518,,Delhi Capitals,Gujarat Titans,Delhi Capitals,Mohammed Shami
1359519,,Lucknow Super Giants,,Lucknow Super Giants,Unknown
1359520,,Punjab Kings,Mumbai Indians,Mumbai Indians,Ishan Kishan
1359521,,Kolkata Knight Riders,Sunrisers Hyderabad,Kolkata Knight Riders,CV Varun
1359522,,Rajasthan Royals,Gujarat Titans,Gujarat Titans,Rashid Khan
1359523,,Mumbai Indians,Chennai Super Kings,Chennai Super Kings,M Pathirana
1359524,,Royal Challengers Bengaluru,Delhi Capitals,Delhi Capitals,PD Salt
1359525,,Gujarat Titans,Lucknow Super Giants,Gujarat Titans,Shubman Gill
1359526,,Rajasthan Royals,Sunrisers Hyderabad,Sunrisers Hyderabad,GD Phillips
1359527,,Punjab Kings,Kolkata Knight Riders,Kolkata Knight Riders,AD Russell
1359528,,Royal Challengers Bengaluru,Mumbai Indians,Mumbai Indians,SA Yadav
1359529,,Chennai Super Kings,Delhi Capitals,Chennai Super Kings,RA Jadeja
1359530,,Kolkata Knight Riders,Rajasthan Royals,Rajasthan Royals,YBK Jaiswal
1359531,,Mumbai Indians,Gujarat Titans,Mumbai Indians,SA Yadav
1359532,,Sunrisers Hyderabad,Lucknow Super Giants,Lucknow Super Giants,PN Mankad
1359533,,Punjab Kings,Delhi Capitals,Punjab Kings,P Simran Singh
1359534,,Royal Challengers Bengaluru,Rajasthan Royals,Royal Challengers Bengaluru,WD Parnell
1359535,,Chennai Super Kings,Kolkata Knight Riders,Kolkata Knight Riders,RK Singh
1359536,,Gujarat Titans,Sunrisers Hyderabad,Gujarat Titans,Shubman Gill
1359537,,Lucknow Super Giants,Mumbai Indians,Lucknow Super Giants,MP Stoinis
1359538,,Delhi Capitals,Punjab Kings,Delhi Capitals,RR Rossouw
1359539,,Sunrisers Hyderabad,Royal Challengers Bengaluru,Royal Challengers Bengaluru,V Kohli
1359540,,Punjab Kings,Rajasthan Royals,Rajasthan Royals,D Padikkal
1359541,,Chennai Super Kings,Delhi Capitals,Chennai Super Kings,RD Gaikwad
1359542,,Lucknow Super Giants,Kolkata Knight Riders,Lucknow Super Giants,N Pooran
1359543,,Sunrisers Hyderabad,Mumbai Indians,Mumbai Indians,C Green
1359544,,Royal Challengers Bengaluru,Gujarat Titans,Gujarat Titans,Shubman Gill
1370350,,Chennai Super Kings,Gujarat Titans,Chennai Super Kings,RD Gaikwad
1370351,,Mumbai Indians,Lucknow Super Giants,Mumbai Indians,Akash Madhwal
1370352,,Gujarat Titans,Mumbai Indians,Gujarat Titans,Shubman Gill
1370353,,Gujarat Titans,Chennai Super Kings,Gujarat Titans,DP Conway
1422119,,Royal Challengers Bengaluru,Chennai Super Kings,Chennai Super Kings,Mustafizur Rahman
1422120,,Delhi Capitals,Punjab Kings,Punjab Kings,SM Curran
1422121,,Kolkata Knight Riders,Sunrisers Hyderabad,Kolkata Knight Riders,AD Russell
1422122,,Rajasthan Royals,Lucknow Super Giants,Rajasthan Royals,SV Samson
1422123,,Gujarat Titans,Mumbai Indians,Gujarat Titans,B Sai Sudharsan
1422124,,Punjab Kings,Royal Challengers Bengaluru,Royal Challengers Bengaluru,V Kohli
1422125,,Chennai Super Kings,Gujarat Titans,Chennai Super Kings,S Dube
1422126,,Sunrisers Hyderabad,Mumbai Indians,Sunrisers Hyderabad,Abhishek Sharma
1422127,,Rajasthan Royals,Delhi Capitals,Rajasthan Royals,R Parag
1422128,,Royal Challengers Bengaluru,Kolkata Knight Riders,Kolkata Knight Riders,SP Narine
1422129,,Lucknow Super Giants,Punjab Kings,Lucknow Super Giants,MP Yadav
1422130,,Sunrisers Hyderabad,Gujarat Titans,Gujarat Titans,MM Sharma
1422131,,Delhi Capitals,Chennai Super Kings,Delhi Capitals,KK Ahmed
1422132,,Mumbai Indians,Rajasthan Royals,Rajasthan Royals,TA Boult
1422133,,Lucknow Super Giants,Royal Challengers Bengaluru,Lucknow Super Giants,MP Yadav
1422134,,Kolkata Knight Riders,Delhi Capitals,Kolkata Knight Riders,SP Narine
1422135,,Gujarat Titans,Punjab Kings,Punjab Kings,Shashank Singh
1422136,,Chennai Super Kings,Sunrisers Hyderabad,Sunrisers Hyderabad,Abhishek Sharma
1422137,,Royal Challengers Bengaluru,Rajasthan Royals,Rajasthan Royals,JC Buttler
1422138,,Mumbai Indians,Delhi Capitals,Mumbai Indians,R Shepherd
1422139,,Lucknow Super Giants,Gujarat Titans,Lucknow Super Giants,Yash Thakur
1426260,,Kolkata Knight Riders,Chennai Super Kings,Chennai Super Kings,RA Jadeja
1426261,,Sunrisers Hyderabad,Punjab Kings,Sunrisers Hyderabad,Nithish Kumar Reddy
1426262,,Rajasthan Royals,Gujarat Titans,Gujarat Titans,Rashid Khan
1426263,,Royal Challengers Bengaluru,Mumbai Indians,Mumbai Indians,JJ Bumrah
1426264,,Lucknow Super Giants,Delhi Capitals,Delhi Capitals,Kuldeep Yadav
1426265,,Punjab Kings,Rajasthan Royals,Rajasthan Royals,SO Hetmyer
1426266,,Lucknow Super Giants,Kolkata Knight Riders,Kolkata Knight Riders,PD Salt
1426267,,Chennai Super Kings,Mumbai Indians,Chennai Super Kings,M Pathirana
1426268,,Sunrisers Hyderabad,Royal Challengers Bengaluru,Sunrisers Hyderabad,TM Head
1426269,,Kolkata Knight Riders,Rajasthan Royals,Rajasthan Royals,JC Buttler
1426270,,Gujarat Titans,Delhi Capitals,Delhi Capitals,RR Pant
1426271,,Mumbai Indians,Punjab Kings,Mumbai Indians,JJ Bumrah
1426272,,Chennai Super Kings,Lucknow Super Giants,Lucknow Super Giants,KL Rahul
1426273,,Sunrisers Hyderabad,Delhi Capitals,Sunrisers Hyderabad,TM Head
1426274,,Kolkata Knight Riders,Royal Challengers Bengaluru,Kolkata Knight Riders,AD Russell
1426275,,Punjab Kings,Gujarat Titans,Gujarat Titans,R Sai Kishore
1426276,,Mumbai Indians,Rajasthan Royals,Rajasthan Royals,Sandeep Sharma
1426277,,Chennai Super Kings,Lucknow Super Giants,Lucknow Super Giants,MP Stoinis
1426278,,Delhi Capitals,Gujarat Titans,Delhi Capitals,RR Pant
1426279,,Royal Challengers Bengaluru,Sunrisers Hyderabad,Royal Challengers Bengaluru,RM Patidar
1426280,,Kolkata Knight Riders,Punjab Kings,Punjab Kings,JM Bairstow
1426281,,Delhi Capitals,Mumbai Indians,Delhi Capitals,J Fraser-McGurk
1426282,,Lucknow Super Giants,Rajasthan Royals,Rajasthan Royals,SV Samson
1426283,,Gujarat Titans,Royal Challengers Bengaluru,Royal Challengers Bengaluru,WG Jacks
1426284,,Chennai Super Kings,Sunrisers Hyderabad,Chennai Super Kings,RD Gaikwad
1426285,,Delhi Capitals,Kolkata Knight Riders,Kolkata Knight Riders,CV Varun
1426286,,Mumbai Indians,Lucknow Super Giants,Lucknow Super Giants,MP Stoinis
1426287,,Chennai Super Kings,Punjab Kings,Punjab Kings,Harpreet Brar
1426288,,Sunrisers Hyderabad,Rajasthan Royals,Sunrisers Hyderabad,B Kumar
1426289,,Kolkata Knight Riders,Mumbai Indians,Kolkata Knight Riders,VR Iyer
1426290,,Gujarat Titans,Royal Challengers Bengaluru,Royal Challengers Bengaluru,Mohammed Siraj
1426291,,Chennai Super Kings,Punjab Kings,Chennai Super Kings,RA Jadeja
1426292,,Kolkata Knight Riders,Lucknow Super Giants,Kolkata Knight Riders,SP Narine
1426293,,Sunrisers Hyderabad,Mumbai Indians,Mumbai Indians,SA Yadav
1426294,,Delhi Capitals,Rajasthan Royals,Delhi Capitals,Kuldeep Yadav
1426295,,Lucknow Super Giants,Sunrisers Hyderabad,Sunrisers Hyderabad,TM Head
1426296,,Royal Challengers Bengaluru,Punjab Kings,Royal Challengers Bengaluru,V Kohli
1426297,,Gujarat Titans,Chennai Super Kings,Gujarat Titans,Shubman Gill
1426298,,Kolkata Knight Riders,Mumbai Indians,Kolkata Knight Riders,CV Varun
1426299,,Rajasthan Royals,Chennai Super Kings,Chennai Super Kings,Simarjeet Singh
1426300,,Royal Challengers Bengaluru,Delhi Capitals,Royal Challengers Bengaluru,C Green
1426302,,Delhi Capitals,Lucknow Super Giants,Delhi Capitals,I Sharma
1426303,,Rajasthan Royals,Punjab Kings,Punjab Kings,SM Curran
1426305,,Lucknow Super Giants,Mumbai Indians,Lucknow Super Giants,N Pooran
1426306,,Royal Challengers Bengaluru,Chennai Super Kings,Royal Challengers Bengaluru,F du Plessis
1426307,,Punjab Kings,Sunrisers Hyderabad,Sunrisers Hyderabad,Abhishek Sharma
1426309,,Sunrisers Hyderabad,Kolkata Knight Riders,Kolkata Knight Riders,MA Starc
1426310,,Royal Challengers Bengaluru,Rajasthan Royals,Rajasthan Royals,R Ashwin
1426311,,Sunrisers Hyderabad,Rajasthan Royals,Sunrisers Hyderabad,Shahbaz Ahmed
1426312,,Sunrisers Hyderabad,Kolkata Knight Riders,Kolkata Knight Riders,MA Starc
1473438,,Kolkata Knight Riders,Royal Challengers Bengaluru,Royal Challengers Bengaluru,KH Pandya
1473439,,Sunrisers Hyderabad,Rajasthan Royals,Sunrisers Hyderabad,Ishan Kishan
1473440,,Mumbai Indians,Chennai Super Kings,Chennai Super Kings,Noor Ahmad
1473441,,Lucknow Super Giants,Delhi Capitals,Delhi Capitals,Ashutosh Sharma
1473442,,Punjab Kings,Gujarat Titans,Punjab Kings,SS Iyer
1473443,,Rajasthan Royals,Kolkata Knight Riders,Kolkata Knight Riders,Q de Kock
1473444,,Sunrisers Hyderabad,Lucknow Super Giants,Lucknow Super Giants,SN Thakur
1473445,,Royal Challengers Bengaluru,Chennai Super Kings,Royal Challengers Bengaluru,RM Patidar
1473446,,Gujarat Titans,Mumbai Indians,Gujarat Titans,M Prasidh Krishna
1473447,,Sunrisers Hyderabad,Delhi Capitals,Delhi Capitals,MA Starc
1473448,,Rajasthan Royals,Chennai Super Kings,Rajasthan Royals,N Rana
1473449,,Kolkata Knight Riders,Mumbai Indians,Mumbai Indians,Ashwani Kumar
1473450,,Lucknow Super Giants,Punjab Kings,Punjab Kings,P Simran Singh
1473451,,Royal Challengers Bengaluru,Gujarat Titans,Gujarat Titans,Mohammed Siraj
1473452,,Kolkata Knight Riders,Sunrisers Hyderabad,Kolkata Knight Riders,VG Arora
1473453,,Lucknow Super Giants,Mumbai Indians,Lucknow Super Giants,DS Rathi
1473454,,Delhi Capitals,Chennai Super Kings,Delhi Capitals,KL Rahul
1473455,,Rajasthan Royals,Punjab Kings,Rajasthan Royals,JC Archer
1473456,,Lucknow Super Giants,Kolkata Knight Riders,Lucknow Super Giants,N Pooran
1473457,,Sunrisers Hyderabad,Gujarat Titans,Gujarat Titans,Mohammed Siraj
1473458,,Royal Challengers Bengaluru,Mumbai Indians,Royal Challengers Bengaluru,RM Patidar
1473459,,Punjab Kings,Chennai Super Kings,Punjab Kings,Priyansh Arya
1473460,,Gujarat Titans,Rajasthan Royals,Gujarat Titans,B Sai Sudharsan
1473461,,Royal Challengers Bengaluru,Delhi Capitals,Delhi Capitals,KL Rahul
1473462,,Chennai Super Kings,Kolkata Knight Riders,Kolkata Knight Riders,SP Narine
1473463,,Gujarat Titans,Lucknow Super Giants,Lucknow Super Giants,AK Markram
1473464,,Punjab Kings,Sunrisers Hyderabad,Sunrisers Hyderabad,Abhishek Sharma
1473465,,Rajasthan Royals,Royal Challengers Bengaluru,Royal Challengers Bengaluru,PD Salt
1473466,,Mumbai Indians,Delhi Capitals,Mumbai Indians,KV Sharma
1473467,,Lucknow Super Giants,Chennai Super Kings,Chennai Super Kings,MS Dhoni
1473468,,Punjab Kings,Kolkata Knight Riders,Punjab Kings,YS Chahal
1473469,,Delhi Capitals,Rajasthan Royals,Delhi Capitals,MA Starc
1473470,,Sunrisers Hyderabad,Mumbai Indians,Mumbai Indians,WG Jacks
1473471,,Royal Challengers Bengaluru,Punjab Kings,Punjab Kings,TH David
1473472,,Delhi Capitals,Gujarat Titans,Gujarat Titans,JC Buttler
1473473,,Lucknow Super Giants,Rajasthan Royals,Lucknow Super Giants,Avesh Khan
1473474,,Punjab Kings,Royal Challengers Bengaluru,Royal Challengers Bengaluru,V Kohli
1473475,,Chennai Super Kings,Mumbai Indians,Mumbai Indians,RG Sharma
1473476,,Gujarat Titans,Kolkata Knight Riders,Gujarat Titans,Shubman Gill
1473477,,Lucknow Super Giants,Delhi Capitals,Delhi Capitals,Mukesh Kumar
1473478,,Sunrisers Hyderabad,Mumbai Indians,Mumbai Indians,TA Boult
1473479,,Royal Challengers Bengaluru,Rajasthan Royals,Royal Challengers Bengaluru,JR Hazlewood
1473480,,Chennai Super Kings,Sunrisers Hyderabad,Sunrisers Hyderabad,HV Patel
1473481,,Punjab Kings,Kolkata Knight Riders,Punjab Kings,Unknown
1473482,,Mumbai Indians,Lucknow Super Giants,Mumbai Indians,WG Jacks
1473483,,Delhi Capitals,Royal Challengers Bengaluru,Royal Challengers Bengaluru,KH Pandya
1473484,,Gujarat Titans,Rajasthan Royals,Rajasthan Royals,V Suryavanshi
1473485,,Kolkata Knight Riders,Delhi Capitals,Kolkata Knight Riders,SP Narine
1473486,,Chennai Super Kings,Punjab Kings,Punjab Kings,SS Iyer
1473487,,Mumbai Indians,Rajasthan Royals,Mumbai Indians,RD Rickelton
1473488,,Gujarat Titans,Sunrisers Hyderabad,Gujarat Titans,M Prasidh Krishna
1473489,,Royal Challengers Bengaluru,Chennai Super Kings,Royal Challengers Bengaluru,R Shepherd
1473490,,Kolkata Knight Riders,Rajasthan Royals,Kolkata Knight Riders,AD Russell
1473491,,Punjab Kings,Lucknow Super Giants,Punjab Kings,P Simran Singh
1473492,,Delhi Capitals,,Delhi Capitals,Unknown
1473493,,Mumbai Indians,Gujarat Titans,Mumbai Indians,Shubman Gill
1473494,,Kolkata Knight Riders,Chennai Super Kings,Chennai Super Kings,Noor Ahmad
1473495,,Punjab Kings,,Punjab Kings,Unknown
1473497,,Punjab Kings,Rajasthan Royals,Punjab Kings,Harpreet Brar
1473498,,Delhi Capitals,Gujarat Titans,Gujarat Titans,B Sai Sudharsan
1473499,,Lucknow Super Giants,Sunrisers Hyderabad,Sunrisers Hyderabad,Abhishek Sharma
1473500,,Chennai Super Kings,Rajasthan Royals,Rajasthan Royals,Akash Madhwal
1473501,,Mumbai Indians,Delhi Capitals,Mumbai Indians,SA Yadav
1473502,,Lucknow Super Giants,Gujarat Titans,Lucknow Super Giants,MR Marsh
1473503,,Sunrisers Hyderabad,Royal Challengers Bengaluru,Sunrisers Hyderabad,Ishan Kishan
1473504,,Chennai Super Kings,Gujarat Titans,Chennai Super Kings,D Brevis
1473505,,Sunrisers Hyderabad,Kolkata Knight Riders,Sunrisers Hyderabad,H Klaasen
1473506,,Mumbai Indians,Punjab Kings,Punjab Kings,JP Inglis
1473507,,Lucknow Super Giants,Royal Challengers Bengaluru,Royal Challengers Bengaluru,JM Sharma
1473508,,Punjab Kings,Royal Challengers Bengaluru,Royal Challengers Bengaluru,Suyash Sharma
1473509,,Mumbai Indians,Gujarat Titans,Mumbai Indians,RG Sharma
1473510,,Mumbai Indians,Punjab Kings,Punjab Kings,SS Iyer
1473511,,Royal Challengers Bengaluru,Punjab Kings,Royal Challengers Bengaluru,KH Pandya
1485779,,Punjab Kings,Delhi Capitals,Delhi Capitals,Sameer Rizvi
1527674,,Sunrisers Hyderabad,Royal Challengers Bengaluru,Royal Challengers Bengaluru,JA Duffy
1527675,,Kolkata Knight Riders,Mumbai Indians,Mumbai Indians,SN Thakur
1527676,,Chennai Super Kings,Rajasthan Royals,Rajasthan Royals,N Burger
1527677,,Gujarat Titans,Punjab Kings,Punjab Kings,C Connolly
1527678,,Lucknow Super Giants,Delhi Capitals,Delhi Capitals,Sameer Rizvi
1527679,,Sunrisers Hyderabad,Kolkata Knight Riders,Sunrisers Hyderabad,Nithish Kumar Reddy
1527680,,Chennai Super Kings,Punjab Kings,Punjab Kings,Priyansh Arya
1527681,,Mumbai Indians,Delhi Capitals,Delhi Capitals,Sameer Rizvi
1527682,,Rajasthan Royals,Gujarat Titans,Rajasthan Royals,Ravi Bishnoi
1527683,,Sunrisers Hyderabad,Lucknow Super Giants,Lucknow Super Giants,Mohammed Shami
1527684,,Royal Challengers Bengaluru,Chennai Super Kings,Royal Challengers Bengaluru,TH David
1527685,,Kolkata Knight Riders,,Kolkata Knight Riders,Unknown
1527686,,Rajasthan Royals,Mumbai Indians,Rajasthan Royals,YBK Jaiswal
1527687,,Gujarat Titans,Delhi Capitals,Gujarat Titans,Rashid Khan
1527688,,Kolkata Knight Riders,Lucknow Super Giants,Lucknow Super Giants,MD Choudhary
1527689,,Royal Challengers Bengaluru,Rajasthan Royals,Rajasthan Royals,V Suryavanshi
1527690,,Sunrisers Hyderabad,Punjab Kings,Punjab Kings,SS Iyer
1527691,,Chennai Super Kings,Delhi Capitals,Chennai Super Kings,SV Samson
1527692,,Lucknow Super Giants,Gujarat Titans,Gujarat Titans,M Prasidh Krishna
1527693,,Royal Challengers Bengaluru,Mumbai Indians,Royal Challengers Bengaluru,PD Salt
1529264,,Sunrisers Hyderabad,Rajasthan Royals,Sunrisers Hyderabad,PP Hinge
1529265,,Chennai Super Kings,Kolkata Knight Riders,Chennai Super Kings,Noor Ahmad
1529266,,Lucknow Super Giants,Royal Challengers Bengaluru,Royal Challengers Bengaluru,JR Hazlewood
1529267,,Mumbai Indians,Punjab Kings,Punjab Kings,Arshdeep Singh
